x,y,spot_id,region
15140,8285,0,T
4029,16386,1,I
17332,19591,2,T
6604,9419,3,I
13543,20974,4,I
14489,20424,5,T
20637,16302,6,T
18057,22179,7,T
17753,8953,8,I
13944,6518,9,T
16073,5280,10,I
13293,18385,11,I
15656,16464,12,T
18712,10857,13,T
12113,19618,14,I
4726,13519,15,I
17105,21638,16,T
11597,11439,17,I
4222,7522,18,I
19868,4988,19,I
18706,9767,20,T
19203,14128,21,T
6587,6146,22,I
5169,7244,23,I
18958,12629,24,T
8726,6817,25,N
13977,13063,26,I
18523,20540,27,T
14011,19608,28,T
18530,21903,29,T
20120,7850,30,T
5687,15696,31,I
10217,20173,32,N
9432,5586,33,I
18991,19174,34,T
18020,14815,35,T
16358,14687,36,T
8998,13770,37,T
9023,18679,38,I
5646,7787,39,I
15429,18510,40,T
5684,15151,41,I
12115,20163,42,I
18208,5133,43,N
13722,9383,44,T
13246,9112,45,T
6608,10237,46,I
10623,6535,47,N
14451,12788,48,I
11815,7756,49,I
15867,11417,50,I
18709,10312,51,T
16867,21503,52,T
13748,14564,53,I
15852,8417,54,T
20190,21759,55,T
21337,13980,56,T
8253,7092,57,N
7127,18961,58,T
6384,12829,59,I
14961,19876,60,T
11141,15259,61,T
9516,22222,62,I
11374,14304,63,I
10937,21669,64,N
6609,10510,65,I
9451,9404,66,I
11572,6530,67,I
16375,17960,68,T
4520,19656,69,N
6824,6009,70,I
4708,9974,71,I
14475,17697,72,T
9961,16492,73,T
17794,17135,74,T
10210,18809,75,N
15383,9511,76,T
5438,13379,77,I
14009,19336,78,T
4747,17610,79,I
17324,17955,80,T
6860,13099,81,I
10206,17991,82,N
14895,6786,83,T
21084,10845,84,T
9685,8721,85,I
7302,6824,86,I
19228,19036,87,T
4047,19931,88,I
18496,15086,89,T
11872,18937,90,I
4707,9701,91,I
18761,20675,92,T
6648,18146,93,T
6879,16917,94,T
16624,20277,95,T
19214,16309,96,T
16793,6776,97,I
4447,5203,98,I
21101,14118,99,T
12771,9115,100,T
5197,12699,101,I
8993,12679,102,I
14197,9653,103,T
6150,13512,104,I
18001,10997,105,T
11807,6120,106,I
16112,12916,107,I
7080,9689,108,I
17103,21093,109,T
20110,5941,110,I
15871,12235,111,I
6869,15008,112,T
8989,11861,113,I
8020,8048,114,I
5230,19244,115,I
19207,14946,116,T
8759,13362,117,T
16094,9371,118,T
15146,9648,119,T
14471,16879,120,T
14707,16468,121,T
9014,16770,122,T
21577,14388,123,T
20592,7303,124,T
5425,10925,125,N
11837,12120,126,I
8560,20863,127,I
21054,4846,128,T
14420,6788,129,T
4263,15703,130,N
16354,13869,131,I
12333,16208,132,I
17519,9636,133,I
6131,9694,134,I
4288,20612,135,N
5938,18558,136,I
11587,9530,137,I
15893,16599,138,T
5406,7107,139,I
15360,4875,140,I
7098,13234,141,T
8047,13230,142,T
3997,10114,143,I
4974,15563,144,N
7605,19777,145,T
10209,18537,146,N
6655,19509,147,I
10697,21261,148,N
4500,15566,149,N
8481,5319,150,I
8005,5048,151,N
6414,18829,152,I
19402,6627,153,I
18053,21360,154,T
17545,14818,155,T
4515,18565,156,I
11841,12938,157,I
9734,18539,158,I
11598,11712,159,I
12580,18252,160,I
11833,11301,161,I
17270,7319,162,I
17318,16864,163,T
9454,9950,164,I
17295,12228,165,I
15874,12781,166,I
20884,18073,167,T
14899,7604,168,T
18753,19039,169,T
7769,5186,170,N
17734,5135,171,N
19193,12219,172,T
6107,5058,173,I
5415,9016,174,I
16847,17412,175,T
15163,12921,176,I
11601,12257,177,I
16815,11140,178,I
4020,14477,179,I
9957,15674,180,T
12525,7343,181,I
9693,10358,182,I
13230,6113,183,I
9015,17043,184,T
10433,15945,185,T
18280,19314,186,T
9452,9677,187,I
17565,18636,188,T
21058,5664,189,T
17345,22046,190,T
9223,11178,191,I
13723,9655,192,T
7823,15822,193,T
11155,17986,194,N
13954,8427,195,T
8243,5183,196,I
12598,21797,197,I
13057,18795,198,I
18024,15634,199,T
9983,20856,200,I
13715,8019,201,T
14954,18513,202,T
19692,17125,203,T
15629,11282,204,I
16812,10594,205,I
7546,8050,206,I
14238,17562,207,T
18933,7720,208,I
4491,13929,209,I
19432,12626,210,T
11868,18119,211,N
15658,17009,212,T
21062,6482,213,T
4484,12566,214,I
15600,5555,215,I
8791,19635,216,I
19218,17127,217,T
20835,8529,218,T
15653,15918,219,T
14676,10469,220,T
4931,7109,221,I
7778,7095,222,N
21593,17661,223,T
16831,14412,224,T
9274,21269,225,I
5216,16517,226,N
14260,21925,227,T
14897,7331,228,T
9683,8449,229,I
11873,19210,230,I
4518,19111,231,N
19695,17670,232,T
16091,8825,233,T
6399,15829,234,I
5227,18698,235,I
21340,14526,236,T
21324,11253,237,T
12546,11434,238,I
13233,6658,239,I
5204,14062,240,I
20117,7305,241,T
19186,10855,242,T
15673,20009,243,T
9440,7223,244,N
12356,20844,245,I
10876,9670,246,I
15437,20146,247,T
4231,9431,248,I
14715,18105,249,T
13733,11564,250,I
8772,15817,251,T
6891,19372,252,T
8740,9544,253,I
9209,8451,254,I
9238,14178,255,T
7788,9004,256,I
3974,5478,257,I
10454,20035,258,N
7831,17458,259,T
18763,20948,260,T
16378,18505,261,T
18984,17810,262,T
21086,11118,263,T
19406,7445,264,T
12803,15387,265,I
17063,13184,266,I
17342,21500,267,T
5714,21150,268,I
15404,13601,269,I
21080,10027,270,T
8741,9817,271,I
18288,20950,272,T
4050,20477,273,I
18966,14265,274,T
18954,11811,275,T
14929,13604,276,I
13966,10881,277,T
18461,8268,278,I
19237,20945,279,T
18687,5949,280,N
6369,9829,281,I
5911,13104,282,I
18521,19994,283,T
21351,16708,284,T
14258,21652,285,T
18227,8951,286,I
15153,11012,287,I
13728,10746,288,T
4937,8200,289,I
10890,12397,290,I
8546,18136,291,T
10447,18672,292,N
12125,22072,293,N
14921,11968,294,I
10202,17173,295,N
17760,10317,296,T
4223,7795,297,I
13734,11837,298,I
13298,19475,299,I
11866,17846,300,N
16849,17958,301,T
5168,6972,302,I
15380,8965,303,T
10696,20989,304,N
9934,11038,305,I
13464,5430,306,I
9003,14588,307,T
6583,5328,308,I
13724,9928,309,T
6625,13509,310,I
17572,19999,311,T
5240,21153,312,I
20621,13030,313,T
10621,6262,314,N
9007,15406,315,T
7828,16912,316,T
6903,21553,317,N
18757,19857,318,T
9249,16360,319,T
12998,7068,320,I
10653,12535,321,I
4959,12563,322,I
9704,12539,323,I
17032,7184,324,I
7369,19915,325,T
15651,15646,326,T
17266,6501,327,I
15668,18918,328,T
4969,14472,329,N
5680,14332,330,I
17277,8683,331,I
5664,11333,332,I
19652,9216,333,T
15862,10326,334,T
15420,16874,335,T
12363,22207,336,N
14251,20289,337,T
7773,6004,338,N
17339,20955,339,T
8286,13637,340,T
21312,9072,341,T
10931,20578,342,N
16357,14415,343,T
13242,8294,344,T
13269,13749,345,N
13049,17159,346,I
13968,11154,347,I
5431,12016,348,I
4245,12158,349,I
21130,19845,350,T
12766,8024,351,T
5235,20334,352,N
15405,13874,353,I
20648,18484,354,T
20599,8666,355,T
7301,6552,356,N
4013,13114,357,I
8016,7230,358,N
18702,8948,359,I
15888,15508,360,T
7347,15551,361,T
19882,7715,362,T
16580,11550,363,I
4952,11200,364,I
10428,14854,365,T
21087,11391,366,T
13001,7614,367,T
8720,5726,368,I
14683,11832,369,I
5716,21423,370,N
12360,21662,371,N
4246,12431,372,I
4021,14750,373,I
5411,8198,374,I
14671,9378,375,T
12324,14572,376,I
13778,20564,377,T
13283,16476,378,I
6428,21556,379,N
10405,10490,380,I
9261,18814,381,I
12100,17163,382,N
17514,8545,383,I
17800,18225,384,T
19694,17398,385,T
16826,13321,386,I
17260,5410,387,I
12294,8572,388,I
13279,15658,389,T
20661,20938,390,T
19399,6081,391,I
17071,14820,392,T
6180,19512,393,N
16606,16732,394,T
19650,8671,395,T
14678,10742,396,T
8250,6547,397,N
6387,13374,398,I
7056,5053,399,N
4715,11337,400,I
5446,15015,401,N
16863,20685,402,T
17774,13044,403,T
9945,13220,404,I
20138,11396,405,T
17501,6091,406,I
16076,5826,407,I
11825,9665,408,I
15393,11420,409,I
13713,7747,410,T
20882,17801,411,T
14193,8835,412,T
17335,20137,413,T
4227,8613,414,I
18291,21496,415,T
17793,16862,416,T
4488,13384,417,I
15189,18102,418,T
10919,18124,419,N
12997,6796,420,I
19441,14263,421,T
21548,8661,422,T
16322,7597,423,T
11337,6940,424,I
18759,20130,425,T
14249,19743,426,T
10923,18942,427,N
17259,5138,428,I
20128,9487,429,T
18508,17540,430,T
5222,17607,431,I
5426,11197,432,N
15198,19739,433,T
16862,20412,434,T
9919,8038,435,I
4291,21157,436,N
8512,11318,437,I
11176,22077,438,N
9235,13633,439,T
11818,8302,440,I
12096,16345,441,I
5671,12696,442,I
18262,15769,443,T
9203,7360,444,N
4457,7112,445,I
16563,8278,446,I
11135,13896,447,I
21092,12482,448,T
7330,12279,449,I
20359,8258,450,T
4010,12568,451,I
13500,12520,452,I
14932,14149,453,I
13053,17977,454,I
11371,13758,455,I
10224,21536,456,N
20821,5801,457,T
9921,8584,458,I
12591,20434,459,I
4003,11205,460,I
20597,8393,461,T
6887,18553,462,T
20893,19982,463,T
17768,11953,464,T
7543,7505,465,I
16816,11412,466,I
15643,14009,467,I
15884,14690,468,T
14920,11695,469,I
4512,18020,470,I
17812,20680,471,T
14481,18788,472,T
8960,6134,473,N
6900,21008,474,I
20664,21484,475,T
20125,8941,476,T
20183,20395,477,T
5674,13242,478,I
19933,17806,479,T
11130,13078,480,I
19905,12351,481,T
13008,8977,482,T
19479,21899,483,T
13782,21382,484,T
7337,13642,485,T
13027,12795,486,I
12573,16888,487,I
7846,20458,488,T
20878,16983,489,T
5208,14880,490,N
11099,6805,491,I
17552,16181,492,T
18703,9221,493,I
21120,17936,494,T
6622,12964,495,I
20820,5529,496,T
5869,4923,497,I
5177,8881,498,I
20159,15486,499,T
18283,19859,500,T
9250,16632,501,T
20885,18346,502,T
17544,14545,503,T
15138,8012,504,T
6359,7920,505,I
12288,7481,506,I
6431,22101,507,N
15844,6781,508,T
18516,19176,509,T
6618,12146,510,I
17317,16592,511,T
4985,17745,512,I
17523,10454,513,I
9231,12815,514,I
5453,16379,515,N
19232,19855,516,T
18274,18223,517,T
14487,19879,518,T
10868,8034,519,I
8245,5456,520,I
16823,12776,521,I
14687,12651,522,I
19893,9897,523,T
7611,20868,524,I
19167,7037,525,I
13225,5022,526,I
14957,19058,527,T
11835,11574,528,I
9752,22084,529,I
13258,11567,530,I
5187,10790,531,I
19651,8944,532,T
11801,5029,533,I
11840,12665,534,I
16807,9504,535,I
14441,10879,536,T
4241,11340,537,I
19460,18081,538,T
7095,12689,539,I
12043,5982,540,I
5633,5060,541,I
20630,14939,542,T
10411,11581,543,I
9726,16903,544,T
5695,17332,545,I
11139,14714,546,T
10421,13490,547,I
6410,18010,548,I
4018,14204,549,I
5891,9286,550,I
17054,11548,551,I
6647,17873,552,I
11826,9938,553,I
12327,15117,554,I
14199,9926,555,T
15391,11147,556,I
16869,21776,557,T
17761,10590,558,T
9701,11994,559,I
10614,4899,560,N
13262,12385,561,I
4257,14612,562,I
19716,21761,563,T
10194,15537,564,T
21564,11934,565,T
13780,20837,566,T
15610,7464,567,T
21102,14391,568,T
10866,7761,569,I
20897,20801,570,T
9948,13765,571,T
12593,20706,572,I
17811,20407,573,T
16551,5823,574,I
15842,6509,575,T
21133,20390,576,T
13701,5292,577,I
17814,20953,578,T
9703,12267,579,I
20838,9074,580,T
12302,10208,581,I
15675,20282,582,T
13282,16203,583,T
18478,11540,584,T
14716,18377,585,T
12118,20709,586,N
21073,8664,587,T
6120,7512,588,I
10872,8852,589,I
7365,19096,590,T
8558,20590,591,T
16310,5143,592,I
4975,15836,593,N
8547,18409,594,T
14928,13331,595,I
9477,14586,596,T
15371,7056,597,T
13063,19886,598,I
14906,8968,599,T
15899,17690,600,T
17500,5818,601,I
5175,8335,602,I
9959,15947,603,T
18263,16041,604,T
19457,17535,605,T
9455,10223,606,I
17085,17547,607,T
12825,19751,608,I
10214,19627,609,N
17031,6912,610,I
7767,4913,611,N
7099,13507,612,T
9022,18406,613,I
5709,20059,614,N
15378,8420,615,T
4926,6018,616,I
4024,15295,617,I
14662,7742,618,T
9906,5584,619,I
21295,5526,620,T
4703,8883,621,I
5871,5195,622,I
10909,16215,623,I
18456,7177,624,I
7062,6144,625,N
12811,17024,626,I
6882,17463,627,T
14204,11017,628,T
18482,12359,629,T
8263,9001,630,I
10176,11992,631,I
21134,20663,632,T
8292,14728,633,T
6601,8873,634,I
11341,7759,635,I
17092,18911,636,T
14731,21377,637,T
5952,21285,638,N
11851,14847,639,I
17533,12363,640,I
13010,9523,641,T
16620,19459,642,T
19463,18626,643,T
9708,13358,644,T
11400,19485,645,I
15866,11145,646,I
10678,17443,647,N
18485,12904,648,T
16594,14277,649,T
20846,10710,650,T
15382,9238,651,T
15909,19599,652,T
8531,15136,653,T
19171,7855,654,I
18492,14268,655,T
18233,10042,656,T
8748,11181,657,I
20148,13305,658,T
13294,18657,659,I
19443,14808,660,T
20590,7030,661,T
18514,18631,662,T
17786,15498,663,T
6861,13372,664,I
19223,18218,665,T
12991,5705,666,I
7309,8188,667,I
16790,6231,668,I
12124,21800,669,N
5956,22104,670,N
15195,19193,671,T
15200,20284,672,T
8319,20183,673,T
20428,21894,674,T
15422,17147,675,T
7340,14188,676,T
9241,14723,677,T
21585,16025,678,T
19465,19172,679,T
18457,7450,680,I
16833,14685,681,T
8978,9680,682,I
12753,5570,683,I
5179,9153,684,I
18014,13725,685,T
15202,20557,686,T
6406,17192,687,I
18961,13174,688,T
7538,6414,689,N
5229,18971,690,I
4042,18841,691,I
4746,17337,692,I
13975,12518,693,I
17797,17680,694,T
21354,17253,695,T
18472,10450,696,T
21541,7298,697,T
8261,8729,698,I
7092,12144,699,I
16796,7322,700,I
15625,10464,701,I
7058,5326,702,N
12310,11844,703,I
7557,10232,704,I
12526,7616,705,I
13044,16068,706,I
8034,10775,707,I
16140,18370,708,T
4501,15838,709,N
19412,8536,710,T
20423,20803,711,T
13059,19068,712,I
4524,20474,713,N
18449,5814,714,N
17775,13317,715,T
13491,10611,716,T
7117,17052,717,T
19396,5536,718,N
13518,16065,719,T
7550,8869,720,I
6429,21828,721,N
8957,5589,722,I
9429,5041,723,N
21537,6480,724,T
15617,8828,725,T
15877,13326,726,I
14195,9108,727,T
20127,9214,728,T
14724,20014,729,T
10382,5854,730,N
4058,22113,731,I
16791,6504,732,I
9456,10495,733,I
17312,15501,734,T
14904,8695,735,T
14174,5017,736,I
9964,17038,737,N
5472,20197,738,N
6868,14735,739,T
14006,18790,740,T
20394,15076,741,T
17996,10179,742,T
17024,5548,743,I
17334,19864,744,T
7066,6962,745,I
9495,18131,746,N
21568,12752,747,T
15181,16466,748,T
9029,19770,749,I
6370,10102,750,I
4264,15976,751,N
11812,7211,752,I
16360,14960,753,T
10150,6810,754,N
5194,12153,755,I
18447,5541,756,N
13773,19473,757,T
7349,16097,758,T
11606,13348,759,I
19453,16717,760,T
6828,6827,761,I
12059,8982,762,I
19636,5944,763,I
18746,17675,764,T
11350,9668,765,I
10220,20718,766,I
3975,5750,767,I
19687,16034,768,T
10404,10218,769,I
11133,13623,770,I
6403,16647,771,I
6142,11876,772,I
18270,17405,773,T
11630,17984,774,N
11576,7348,775,I
12277,5299,776,I
14247,19471,777,T
4040,18568,778,I
17736,5681,779,N
9444,8041,780,I
19883,7988,781,T
18493,14540,782,T
12114,19891,783,I
18684,5403,784,N
13470,6521,785,I
19001,21083,786,T
8516,12136,787,I
13028,13068,788,N
4471,9839,789,I
20119,7578,790,T
21544,7843,791,T
20843,10165,792,T
7102,14053,793,I
19712,20943,794,T
20139,11668,795,T
10152,7355,796,I
5645,7515,797,I
11644,20711,798,N
9224,11451,799,I
4710,10247,800,I
16573,10186,801,I
19912,13715,802,T
4226,8340,803,I
7076,8871,804,I
6396,15283,805,I
9256,17723,806,T
18499,15631,807,T
4280,18976,808,I
17090,18638,809,T
17072,15093,810,T
19219,17400,811,T
13042,15795,812,I
14673,9923,813,T
16328,8688,814,I
4750,18155,815,I
7124,18416,816,T
4282,19521,817,N
13243,8567,818,T
7316,9552,819,I
8956,5316,820,I
19717,22034,821,T
21292,4981,822,T
12301,9935,823,I
9252,16905,824,T
14482,19060,825,T
12760,6933,826,I
18713,11130,827,T
16808,9776,828,I
15427,18237,829,T
10151,7083,830,N
16138,18098,831,T
7604,19504,832,T
8996,13225,833,T
19190,11673,834,T
13716,8292,835,T
8246,5729,836,N
13751,15110,837,I
18987,18356,838,T
11591,10348,839,I
10156,8174,840,I
5184,10244,841,I
19168,7310,842,I
17284,10047,843,I
13990,15518,844,T
11117,10350,845,I
15618,9100,846,T
14232,16471,847,T
17757,9771,848,I
13013,10068,849,I
20601,9212,850,T
8976,9407,851,I
17998,10452,852,T
12829,20569,853,I
4771,22246,854,N
14492,20969,855,T
11646,21257,856,N
7315,9279,857,I
6662,20873,858,N
8314,19092,859,T
12807,16205,860,I
7088,11325,861,I
15430,18783,862,T
9036,21133,863,I
9506,20313,864,I
6845,10099,865,I
21301,6890,866,T
8087,21138,867,I
10430,15399,868,T
13504,13338,869,N
6418,19647,870,I
5702,18696,871,I
18725,13585,872,T
19948,20805,873,T
7131,19779,874,T
19407,7718,875,T
9195,5724,876,I
6151,13785,877,I
17057,12093,878,I
14665,8287,879,T
14477,17970,880,T
4028,16113,881,I
14456,13879,882,I
16797,7595,883,I
11379,15394,884,I
4475,10657,885,I
12344,18389,886,I
11595,11166,887,I
9227,11996,888,I
5641,6697,889,I
5396,5198,890,I
15160,12375,891,I
5404,6834,892,I
9682,8176,893,I
11814,7483,894,I
14225,15107,895,I
7132,20052,896,T
14455,13606,897,I
7597,18141,898,T
17767,11680,899,T
18487,13449,900,T
16584,12368,901,I
11631,18257,902,N
4255,14067,903,I
5444,14743,904,N
6827,6554,905,I
17064,13457,906,T
12041,5437,907,I
21108,15482,908,T
12784,11569,909,I
16618,19186,910,T
8510,11045,911,I
11169,20714,912,N
16343,11688,913,I
14434,9516,914,T
18251,13587,915,T
17273,7865,916,I
8287,13910,917,T
5465,18833,918,I
17050,10730,919,I
10458,20853,920,N
9927,9675,921,I
11146,16077,922,I
9483,15677,923,T
9689,9540,924,I
17989,8816,925,I
20351,6622,926,T
7608,20322,927,T
7136,20870,928,I
4462,8202,929,I
13526,17702,930,T
9212,8997,931,I
8280,12547,932,I
9946,13493,933,T
4962,13109,934,I
13035,14432,935,I
12292,8299,936,I
17061,12911,937,I
16108,12098,938,I
18941,9356,939,T
14972,22058,940,T
17983,7452,941,I
18287,20677,942,T
12053,7891,943,I
16629,21368,944,T
12287,7208,945,I
4004,11477,946,I
17045,9639,947,I
7795,10367,948,I
11609,13893,949,I
20154,14668,950,T
20857,12892,951,T
11584,8985,952,I
5400,6016,953,I
5482,22106,954,N
13759,16746,955,T
15394,11692,956,I
5916,14195,957,I
7596,17868,958,T
17262,5683,959,I
10664,14716,960,T
14424,7607,961,T
14950,17694,962,T
21336,13708,963,T
20390,14258,964,T
11132,13350,965,I
17807,19589,966,T
8036,11048,967,I
14236,17289,968,T
8283,13092,969,T
13757,16473,970,T
16811,10322,971,I
14962,20149,972,T
11089,4896,973,I
5180,9426,974,I
8744,10363,975,I
20874,16165,976,T
17984,7725,977,I
12559,14161,978,I
13699,5019,979,I
18294,22041,980,T
9253,17178,981,T
13531,18520,982,T
11884,21392,983,N
18007,12361,984,T
4476,10930,985,I
4928,6564,986,I
15174,15103,987,I
12806,15933,988,I
18047,20270,989,T
20153,14395,990,T
19157,5128,991,N
13753,15655,992,T
12345,18662,993,I
13991,15790,994,T
4740,16246,995,N
14648,5015,996,I
13506,13611,997,N
8762,13908,998,T
4996,19927,999,N
9239,14451,1000,T
13951,7882,1001,T
20344,5258,1002,I
8727,7090,1003,N
11565,5167,1004,I
15632,11828,1005,I
8026,9139,1006,I
11408,21121,1007,N
10226,21809,1008,N
5473,20470,1009,N
18279,19041,1010,T
17040,8821,1011,I
5655,9424,1012,I
5480,21833,1013,N
16350,13051,1014,I
19894,10170,1015,T
19199,13309,1016,T
4057,21840,1017,I
17508,7455,1018,I
7094,12416,1019,I
14655,6378,1020,T
18266,16587,1021,T
7135,20598,1022,I
10158,8446,1023,I
19204,14400,1024,T
17772,12771,1025,T
9463,11859,1026,I
6867,14463,1027,I
19710,20670,1028,T
18460,7995,1029,I
9485,16222,1030,T
10390,7491,1031,I
9433,5859,1032,I
8535,15954,1033,T
10462,21672,1034,N
7103,14325,1035,T
15664,18100,1036,T
18265,16314,1037,T
14675,10196,1038,T
9254,17451,1039,T
13229,5840,1040,I
7106,14871,1041,T
13752,15382,1042,I
8088,21411,1043,I
17338,20682,1044,T
9722,16085,1045,T
9234,13360,1046,T
4260,15158,1047,N
6833,7918,1048,I
13486,9793,1049,T
10650,11989,1050,I
7798,10913,1051,I
6356,7375,1052,I
11602,12530,1053,I
14664,8014,1054,T
8309,18274,1055,T
17530,11818,1056,I
16556,6914,1057,I
12280,5845,1058,I
21115,16845,1059,T
11843,13210,1060,I
7800,11458,1061,I
9711,13903,1062,T
18519,19722,1063,T
11170,20986,1064,N
21296,5799,1065,T
11328,5304,1066,I
5418,9561,1067,I
4235,10249,1068,I
17798,17953,1069,T
13961,9791,1070,T
18515,18904,1071,T
20625,13848,1072,T
19709,20398,1073,T
13965,10609,1074,T
4691,6429,1075,I
10862,6943,1076,I
18454,6904,1077,I
18962,13447,1078,T
19431,12354,1079,T
21573,13570,1080,T
7615,21686,1081,I
20881,17528,1082,T
14246,19198,1083,T
8765,14453,1084,T
14449,12515,1085,I
4493,14202,1086,N
6886,18281,1087,T
7138,21143,1088,I
11404,20303,1089,N
19417,9627,1090,T
18736,15766,1091,T
11090,5169,1092,I
13508,14156,1093,N
7854,22094,1094,I
8521,13227,1095,T
8749,11453,1096,I
6623,13237,1097,I
5897,10377,1098,N
15135,7467,1099,T
14654,6105,1100,T
7771,5731,1101,N
12817,18114,1102,I
19478,21626,1103,T
7587,16232,1104,T
8498,8591,1105,I
9206,7906,1106,I
7821,15549,1107,T
12077,12527,1108,I
7564,11596,1109,I
11097,6533,1110,I
19679,14398,1111,T
4966,13927,1112,I
18998,20538,1113,T
8293,15001,1114,T
4212,5613,1115,I
17320,17137,1116,T
19176,8946,1117,T
5241,21425,1118,I
17039,8548,1119,I
16587,12914,1120,I
8025,8866,1121,I
9736,18812,1122,N
14220,14016,1123,I
17758,10044,1124,I
9499,18949,1125,N
17583,22181,1126,T
6832,7645,1127,I
8777,16908,1128,T
5703,18969,1129,N
11870,18665,1130,N
6582,5055,1131,I
18695,7585,1132,I
21055,5119,1133,T
13236,7203,1134,T
21549,8934,1135,T
21303,7163,1136,T
5922,15286,1137,I
4711,10519,1138,I
5422,10379,1139,I
10668,15534,1140,T
21293,5254,1141,T
8014,6685,1142,N
5195,12426,1143,I
6179,19239,1144,I
11108,8714,1145,I
19226,18764,1146,T
18474,10722,1147,T
15379,8693,1148,T
11621,16348,1149,N
16089,8280,1150,T
6158,15148,1151,I
5166,6699,1152,I
9276,21814,1153,I
20357,7713,1154,T
11580,8166,1155,I
6847,10645,1156,I
20156,14941,1157,T
5882,7377,1158,I
15837,5418,1159,I
6633,15146,1160,I
10439,17036,1161,N
10625,7080,1162,I
21090,11936,1163,T
6615,11601,1164,I
16372,17415,1165,T
15900,17962,1166,T
17108,22183,1167,T
12779,10751,1168,I
7806,12549,1169,I
11888,22210,1170,N
21555,10025,1171,T
19907,12624,1172,T
14466,15788,1173,T
10437,16763,1174,N
4242,11613,1175,I
6136,10785,1176,I
5905,12013,1177,I
13947,7064,1178,T
16613,18095,1179,T
14175,5290,1180,I
4454,6566,1181,I
5475,20742,1182,N
13770,18928,1183,T
13987,14972,1184,I
8487,6409,1185,N
6385,13102,1186,I
10857,5852,1187,N
4762,20610,1188,N
17740,6499,1189,I
5953,21558,1190,N
17749,8135,1191,I
9194,5451,1192,I
8058,15411,1193,T
20579,4848,1194,T
20879,17255,1195,T
7592,17050,1196,T
16318,6779,1197,I
6851,11463,1198,I
4237,10522,1199,I
6349,6011,1200,I
7586,15959,1201,T
5637,5878,1202,I
17307,14683,1203,T
5454,16652,1204,I
4924,5746,1205,I
10378,5036,1206,N
14210,12107,1207,I
13962,10063,1208,T
10913,17033,1209,N
7572,13232,1210,T
16109,12371,1211,I
12790,12933,1212,I
18937,8538,1213,I
11338,7213,1214,I
19681,14943,1215,T
21346,15617,1216,T
4733,14883,1217,N
12773,9388,1218,T
9465,12132,1219,I
13704,5838,1220,I
12831,20841,1221,I
4461,7930,1222,I
16131,16734,1223,T
5233,19789,1224,N
6133,10239,1225,I
6652,18964,1226,T
20628,14393,1227,T
10145,5992,1228,N
16102,11007,1229,I
5420,9834,1230,I
9931,10493,1231,I
4732,14610,1232,N
12046,6528,1233,I
10183,13355,1234,I
16631,21640,1235,T
12082,13618,1236,I
4999,20472,1237,N
20113,6487,1238,T
6591,6964,1239,I
19233,20127,1240,T
13277,15385,1241,I
16325,8142,1242,T
14419,6516,1243,T
9260,18541,1244,I
11115,10078,1245,I
4472,10111,1246,I
5640,6424,1247,I
18518,19449,1248,T
10661,14171,1249,T
8051,14048,1250,T
16804,8958,1251,I
18016,13997,1252,T
17505,6909,1253,I
16080,6644,1254,T
14448,12243,1255,I
17556,16999,1256,T
16819,11958,1257,I
12319,13481,1258,I
5707,19787,1259,N
7556,9959,1260,I
13712,7474,1261,T
12832,21114,1262,I
17567,19181,1263,T
5915,13922,1264,I
6115,6694,1265,I
11579,7894,1266,I
7351,16369,1267,T
8033,10502,1268,I
20586,6212,1269,T
15895,16872,1270,T
16578,11277,1271,I
15199,20011,1272,T
5218,16789,1273,I
5662,10787,1274,N
20112,6214,1275,I
9712,14176,1276,T
5436,13106,1277,I
7071,8053,1278,I
4944,9564,1279,I
20365,9349,1280,T
18995,19992,1281,T
15613,8010,1282,T
15896,17144,1283,T
14478,18242,1284,T
7363,18824,1285,T
8043,12411,1286,I
7569,12687,1287,I
8983,10770,1288,I
13478,8157,1289,T
11157,18259,1290,N
4697,7792,1291,I
4025,15568,1292,I
20889,19164,1293,T
8992,12407,1294,I
10672,16353,1295,I
13244,8840,1296,T
8719,5454,1297,I
6835,8190,1298,I
10695,20716,1299,N
17977,6361,1300,I
14947,17149,1301,T
6905,22099,1302,N
4942,9291,1303,I
12070,11164,1304,I
16333,9779,1305,T
11616,15257,1306,I
17271,7592,1307,I
4482,12020,1308,I
12561,14434,1309,I
5908,12559,1310,I
16609,17277,1311,T
6846,10372,1312,I
14684,12105,1313,I
11642,20438,1314,N
19685,15761,1315,T
17276,8410,1316,I
18734,15221,1317,T
7825,16367,1318,T
11381,15667,1319,I
8308,18001,1320,T
6659,20327,1321,I
15863,10599,1322,I
16320,7052,1323,T
15124,5285,1324,I
15887,15235,1325,T
10634,8717,1326,I
15175,15375,1327,T
15408,14420,1328,I
9467,12677,1329,I
19870,5261,1330,I
16126,15643,1331,T
5435,12834,1332,I
18936,8266,1333,I
9484,15949,1334,T
19230,19582,1335,T
8492,7500,1336,N
16385,19869,1337,T
9936,11584,1338,I
15141,8557,1339,T
18006,12088,1340,T
4015,13659,1341,I
5898,10650,1342,N
8751,11726,1343,I
18209,5406,1344,N
6840,9281,1345,I
15892,16326,1346,T
12122,21527,1347,N
11136,14168,1348,T
9928,9947,1349,I
6640,16509,1350,I
20643,17393,1351,T
14720,19196,1352,T
10920,18397,1353,N
6373,10647,1354,I
11563,4894,1355,I
13745,14019,1356,I
18710,10585,1357,T
20181,19850,1358,T
12570,16343,1359,I
16614,18368,1360,T
14922,12240,1361,I
20892,19710,1362,T
6345,5193,1363,I
7785,8458,1364,I
18529,21631,1365,T
8312,18819,1366,T
8022,8321,1367,I
14723,19741,1368,T
7380,22096,1369,N
9216,9815,1370,I
4275,18158,1371,I
5162,5881,1372,I
9210,8724,1373,I
14022,21790,1374,T
4751,18428,1375,I
13266,13203,1376,N
9221,10906,1377,I
7128,19234,1378,T
6880,17190,1379,T
15621,9646,1380,T
19944,19987,1381,T
10192,15264,1382,T
9498,18677,1383,I
19684,15489,1384,T
11823,9392,1385,I
17058,12366,1386,I
13302,20294,1387,I
4739,15974,1388,N
6407,17465,1389,I
16634,22186,1390,T
17782,14680,1391,T
12104,17982,1392,N
18748,17948,1393,T
12557,13616,1394,I
4522,19929,1395,N
11855,15665,1396,I
12048,6800,1397,I
19445,15081,1398,T
19658,10307,1399,T
9501,19222,1400,N
16130,16461,1401,T
21127,19299,1402,T
6853,11736,1403,I
7824,16094,1404,T
18705,9494,1405,T
14002,17972,1406,T
20106,5123,1407,I
7547,8323,1408,I
13511,14702,1409,I
14719,18923,1410,T
5428,11470,1411,I
6825,6281,1412,I
6901,21281,1413,N
5909,12831,1414,I
15620,9373,1415,T
18994,19719,1416,T
19639,6489,1417,I
6896,20190,1418,I
16096,9643,1419,T
4046,19659,1420,I
6638,16237,1421,I
13272,14294,1422,I
8796,20726,1423,I
4693,6974,1424,I
13940,5700,1425,I
7549,8596,1426,I
9985,21129,1427,I
12057,8709,1428,I
5927,16377,1429,I
4486,12839,1430,I
12764,7751,1431,I
17291,11410,1432,I
21119,17663,1433,T
21326,11799,1434,T
18926,6357,1435,I
8282,12819,1436,T
13953,8154,1437,T
20652,19302,1438,T
3996,9841,1439,I
4722,12701,1440,I
13535,19338,1441,I
9448,8859,1442,I
6862,13645,1443,I
20398,15894,1444,T
6153,14057,1445,I
4699,8065,1446,I
16327,8415,1447,I
7341,14460,1448,T
8803,22089,1449,I
16577,11005,1450,I
8271,10638,1451,I
13973,12245,1452,I
17341,21228,1453,T
9470,13222,1454,T
19647,8126,1455,T
16097,9916,1456,T
6829,7100,1457,I
14914,10604,1458,T
21317,9890,1459,T
9672,6267,1460,N
20123,8396,1461,T
7810,13367,1462,T
19222,17946,1463,T
9480,15131,1464,T
4487,13111,1465,I
4519,19384,1466,N
10858,6125,1467,N
6182,19784,1468,N
17973,5543,1469,N
8722,5999,1470,N
11880,20574,1471,N
9199,6542,1472,N
6421,20192,1473,N
9220,10633,1474,I
4480,11748,1475,I
7125,18689,1476,T
15177,15648,1477,T
8534,15682,1478,T
5713,20878,1479,I
4033,17204,1480,I
15369,6784,1481,T
20415,19167,1482,T
19215,16582,1483,T
10677,17171,1484,N
5651,8606,1485,I
14413,5425,1486,I
15649,15100,1487,T
8049,13775,1488,T
11128,12532,1489,I
6636,15691,1490,I
19643,7307,1491,T
6663,21145,1492,N
9990,22219,1493,I
11385,16485,1494,N
6611,10782,1495,I
12092,15527,1496,I
7791,9549,1497,I
8061,15957,1498,T
10169,10628,1499,I
12566,15525,1500,I
5226,18426,1501,I
14672,9651,1502,T
15603,6101,1503,T
15657,16736,1504,T
12074,11982,1505,I
17735,5408,1506,N
12999,7341,1507,I
7329,12006,1508,I
14480,18515,1509,T
20171,17941,1510,T
11577,7621,1511,I
11330,5577,1512,I
4284,19794,1513,N
10385,6400,1514,N
20374,11258,1515,T
12586,19343,1516,I
17035,7730,1517,I
21538,6752,1518,T
19637,6217,1519,I
15660,17282,1520,T
8790,19362,1521,I
9932,10766,1522,I
7770,5459,1523,N
12081,13346,1524,I
10854,5307,1525,N
5458,17470,1526,I
18250,13314,1527,T
12111,19345,1528,I
10216,19900,1529,N
21368,19980,1530,T
16549,5550,1531,I
9716,14994,1532,T
9690,9812,1533,I
13306,21112,1534,I
5704,19241,1535,N
8982,10498,1536,I
17305,14137,1537,T
20417,19712,1538,T
20606,10030,1539,T
6616,11873,1540,I
10394,8309,1541,I
10939,22215,1542,N
17580,21636,1543,T
7575,13777,1544,T
6894,19917,1545,T
15851,8145,1546,T
5949,20740,1547,N
6642,17055,1548,I
15167,13739,1549,I
12295,8845,1550,I
4980,16654,1551,N
16566,8823,1552,I
11615,14984,1553,I
8300,16365,1554,T
20877,16710,1555,T
10924,19215,1556,N
19461,18353,1557,T
10910,16488,1558,I
11150,16896,1559,N
10143,5446,1560,N
16347,12506,1561,I
11353,10213,1562,I
13525,17429,1563,T
5200,13244,1564,I
4262,15430,1565,N
19414,9081,1566,T
17555,16727,1567,T
12577,17706,1568,I
14971,21785,1569,T
8257,7911,1570,I
21353,16980,1571,T
20859,13165,1572,T
15845,7054,1573,T
13255,11021,1574,I
18688,6221,1575,N
20347,5804,1576,I
14016,20699,1577,T
8041,12139,1578,I
14661,7469,1579,T
12038,4891,1580,I
21578,14661,1581,T
14927,13058,1582,I
5902,11468,1583,I
7827,16640,1584,T
7839,19094,1585,T
3794,16796,1586,I
21307,7981,1587,T
5718,21968,1588,N
18730,14403,1589,T
9264,19360,1590,I
15910,19871,1591,T
12818,18387,1592,I
16844,16867,1593,T
8769,15271,1594,T
21553,9752,1595,T
13784,21655,1596,T
4053,21022,1597,N
15611,7737,1598,T
20842,9892,1599,T
19896,10442,1600,T
21579,14934,1601,T
14496,21788,1602,T
5706,19514,1603,N
17566,18908,1604,T
8090,21684,1605,I
20412,18621,1606,T
7113,16234,1607,T
15137,7739,1608,T
19698,18216,1609,T
10675,16898,1610,N
12355,20571,1611,I
6658,20055,1612,I
13062,19613,1613,I
11397,18940,1614,N
14495,21515,1615,T
21329,12344,1616,T
4721,12428,1617,I
6187,20875,1618,N
3797,17342,1619,I
18219,7315,1620,I
15171,14557,1621,I
7362,18551,1622,T
13774,19746,1623,T
14924,12513,1624,I
17816,21498,1625,T
10141,5174,1626,N
8552,19227,1627,T
7134,20325,1628,T
11162,19350,1629,N
16794,7049,1630,I
16141,18643,1631,T
6364,9011,1632,I
4244,11885,1633,I
14184,6926,1634,T
7540,6960,1635,N
4728,13792,1636,I
16309,4870,1637,I
12056,8437,1638,I
5635,5606,1639,I
12349,19480,1640,I
11836,11847,1641,I
13939,5427,1642,I
9972,18674,1643,N
19644,7580,1644,T
16588,13186,1645,I
4251,13249,1646,I
6393,14738,1647,I
13942,5973,1648,I
6839,9009,1649,I
13544,21247,1650,T
12594,20979,1651,I
18292,21768,1652,T
15416,16056,1653,T
10921,18669,1654,N
10450,19217,1655,I
13980,13609,1656,I
20145,12759,1657,T
20895,20255,1658,T
18226,8678,1659,I
4720,12156,1660,I
14474,17424,1661,T
3795,17069,1662,I
9675,6812,1663,N
21069,7846,1664,T
14885,4877,1665,I
9019,17861,1666,T
17069,14547,1667,T
7536,6141,1668,N
11574,7076,1669,I
17107,21911,1670,T
6630,14600,1671,I
14491,20697,1672,T
7107,15143,1673,T
10887,11852,1674,I
19941,19442,1675,T
11829,10483,1676,I
12341,17844,1677,I
12284,6663,1678,I
21557,10570,1679,T
5003,21290,1680,I
16605,16459,1681,T
11123,11714,1682,I
6171,17603,1683,I
17516,9091,1684,I
17511,8000,1685,I
15903,18508,1686,T
7304,7097,1687,I
19471,20262,1688,T
11806,5847,1689,I
6161,15694,1690,I
8968,7771,1691,N
14711,17287,1692,T
8031,10230,1693,I
12822,19205,1694,I
21347,15889,1695,T
6612,11055,1696,I
13265,12930,1697,I
15606,6646,1698,T
14911,10059,1699,T
8265,9547,1700,I
3806,19251,1701,I
5410,7925,1702,I
21559,10843,1703,T
15424,17692,1704,T
3995,9568,1705,I
7121,17870,1706,T
18212,5951,1707,N
8480,5046,1708,I
9719,15539,1709,T
11828,10211,1710,I
15440,20692,1711,T
6144,12421,1712,I
16340,11142,1713,I
16365,16051,1714,T
17576,20817,1715,T
18021,15088,1716,T
7802,11731,1717,I
12049,7073,1718,I
18041,18906,1719,T
10180,12810,1720,I
19434,12899,1721,T
17994,9634,1722,I
18767,21766,1723,T
7356,17460,1724,T
9920,8311,1725,I
9686,8994,1726,I
17498,5546,1727,I
5699,18150,1728,I
5439,13652,1729,I
11154,17714,1730,N
19234,20400,1731,T
12357,21117,1732,I
17991,9088,1733,I
6857,12554,1734,I
4008,12296,1735,I
7567,12141,1736,I
8264,9274,1737,I
16830,14140,1738,T
13016,10614,1739,I
10932,20851,1740,N
19929,16987,1741,T
4458,7384,1742,I
8754,12271,1743,I
19225,18491,1744,T
15667,18645,1745,T
11389,17303,1746,N
6854,12008,1747,I
15880,13872,1748,I
12067,10618,1749,I
8755,12544,1750,I
7853,21821,1751,I
13982,13881,1752,I
3999,10387,1753,I
20170,17668,1754,T
21077,9482,1755,T
11645,20984,1756,N
5231,19516,1757,N
10930,20306,1758,N
21542,7571,1759,T
9481,15404,1760,T
12522,6798,1761,I
10198,16355,1762,I
17298,12774,1763,I
12097,16618,1764,N
12821,18932,1765,I
10181,13082,1766,I
11810,6665,1767,I
11846,13756,1768,I
19950,21078,1769,T
11413,21940,1770,N
4285,20067,1771,N
20157,15214,1772,T
17043,9366,1773,I
21075,8936,1774,T
17787,15771,1775,T
20182,20122,1776,T
19676,13852,1777,T
13539,20156,1778,I
7805,12276,1779,I
16321,7324,1780,T
20397,15621,1781,T
17074,15366,1782,T
9213,9269,1783,I
17104,21365,1784,T
5904,11740,1785,I
13052,17704,1786,I
15144,9103,1787,T
5403,6561,1788,I
14939,15513,1789,T
20416,19439,1790,T
6620,12691,1791,I
14488,20151,1792,T
11175,21804,1793,N
20856,12619,1794,T
20424,21076,1795,T
7782,7913,1796,I
18997,20265,1797,T
11152,17441,1798,N
18042,19179,1799,T
18043,19451,1800,T
18255,14405,1801,T
20647,18211,1802,T
19156,4855,1803,N
13484,9248,1804,T
5638,6151,1805,I
14196,9380,1806,T
4920,4928,1807,I
11859,16483,1808,N
5201,13517,1809,I
14727,20559,1810,T
21123,18481,1811,T
14261,22198,1812,T
8743,10090,1813,I
5872,5468,1814,I
11101,7351,1815,I
13507,13884,1816,N
20362,8804,1817,T
10177,12264,1818,I
14019,21245,1819,T
18471,10177,1820,T
16562,8005,1821,I
3800,17887,1822,N
13232,6385,1823,I
8787,18817,1824,T
5955,21831,1825,N
6162,15966,1826,I
7334,13097,1827,T
8723,6272,1828,N
9909,6129,1829,N
6654,19236,1830,T
10179,12537,1831,I
12309,11572,1832,I
18490,13995,1833,T
14000,17427,1834,T
16376,18233,1835,T
5693,17060,1836,I
9694,10630,1837,I
12061,9528,1838,I
4685,5338,1839,I
13468,6248,1840,I
12804,15660,1841,I
18999,20810,1842,T
18945,10174,1843,T
4984,17472,1844,I
6110,5603,1845,I
20392,14803,1846,T
12328,15390,1847,I
18979,16720,1848,T
20860,13437,1849,T
14244,18925,1850,T
8500,9137,1851,I
17100,20547,1852,T
16591,13732,1853,I
16820,12231,1854,I
21124,18754,1855,T
9728,17175,1856,N
9041,22224,1857,I
8781,17726,1858,T
9960,16220,1859,T
9496,18404,1860,I
12540,10343,1861,I
19459,17808,1862,T
12532,8707,1863,I
5205,14335,1864,N
9201,6815,1865,N
15614,8282,1866,T
21300,6617,1867,T
5424,10652,1868,N
9910,6402,1869,N
19182,10037,1870,T
12792,13206,1871,I
9714,14448,1872,T
12588,19888,1873,I
5006,21836,1874,N
14967,20967,1875,T
4758,19791,1876,N
20899,21073,1877,T
8986,11316,1878,I
17310,15228,1879,T
18707,10039,1880,T
7563,11323,1881,I
19236,20673,1882,T
9027,19497,1883,I
11648,21529,1884,N
12543,10889,1885,I
20636,16029,1886,T
5395,4925,1887,I
12279,5572,1888,I
17036,8002,1889,I
13499,12247,1890,I
13056,18522,1891,I
13943,6245,1892,I
18465,9086,1893,I
9033,20588,1894,I
17289,11137,1895,I
7069,7507,1896,I
15671,19463,1897,T
16617,18913,1898,T
4513,18293,1899,I
15173,14830,1900,I
8278,12001,1901,I
6183,20057,1902,N
13482,8975,1903,T
9935,11311,1904,I
20372,10713,1905,T
10383,6127,1906,N
17976,6089,1907,I
7545,7778,1908,I
4688,5883,1909,I
19954,21896,1910,T
9718,15267,1911,T
12330,15662,1912,I
12530,8434,1913,I
6644,17327,1914,I
4209,5067,1915,I
7834,18003,1916,T
12321,14026,1917,I
8298,16092,1918,T
11151,17168,1919,N
4269,16794,1920,I
14668,8833,1921,T
9246,15814,1922,T
17316,16319,1923,T
18970,15083,1924,T
13291,18112,1925,T
7589,16505,1926,T
18934,7993,1927,I
18214,6224,1928,N
6634,15418,1929,I
20614,11666,1930,T
10643,10626,1931,I
17075,15638,1932,T
7614,21413,1933,I
4239,11067,1934,I
14467,16061,1935,T
21343,15071,1936,T
20143,12487,1937,T
13308,21384,1938,I
16118,14007,1939,T
12554,13070,1940,I
5660,10514,1941,N
10441,17581,1942,N
7843,19912,1943,T
17527,11273,1944,I
19940,19169,1945,T
21596,18206,1946,T
15639,13191,1947,I
16084,7462,1948,T
5895,10104,1949,N
6175,18421,1950,I
10874,9397,1951,I
11610,14166,1952,I
19210,15491,1953,T
9913,6948,1954,N
13477,7884,1955,T
17281,9501,1956,I
14185,7199,1957,T
5186,10517,1958,I
4249,12976,1959,I
5206,14608,1960,N
20186,20941,1961,T
19947,20533,1962,T
14426,7879,1963,T
13979,13336,1964,I
14910,9786,1965,T
7845,20185,1966,T
8763,14180,1967,T
10901,14579,1968,T
6656,19782,1969,I
13037,14704,1970,I
19666,11943,1971,T
4450,5748,1972,I
10880,10488,1973,I
4934,7655,1974,I
4044,19386,1975,I
16555,6641,1976,I
13492,10884,1977,I
8503,9682,1978,I
5889,8741,1979,I
21088,11664,1980,T
9461,11313,1981,I
17021,5003,1982,I
8011,6139,1983,N
18259,15223,1984,T
7561,11050,1985,I
11635,19075,1986,I
13287,17294,1987,T
14946,16876,1988,T
6838,8736,1989,I
7359,18006,1990,T
10397,8854,1991,I
8974,8861,1992,I
5462,18288,1993,I
12583,18797,1994,I
18985,18083,1995,T
20615,11939,1996,T
5176,8608,1997,I
19005,21901,1998,T
5648,8060,1999,I
5941,19104,2000,N
19936,18351,2001,T
21104,14663,2002,T
19446,15354,2003,T
6665,21418,2004,N
21532,5662,2005,T
5711,20605,2006,I
8520,12954,2007,T
19183,10310,2008,T
6382,12556,2009,I
4971,15018,2010,N
18923,5811,2011,N
10902,14851,2012,T
8718,5181,2013,I
20192,22031,2014,T
8007,5321,2015,N
10455,20308,2016,I
5951,21013,2017,I
14463,15242,2018,T
7373,20733,2019,I
5923,15558,2020,I
8078,19502,2021,T
6194,22239,2022,N
20116,7032,2023,T
18716,11676,2024,T
6185,20330,2025,N
18277,18768,2026,T
11348,9122,2027,I
16144,19188,2028,T
16581,11823,2029,I
4446,4930,2030,I
7100,13780,2031,I
12988,5159,2032,I
12799,14569,2033,I
6849,10918,2034,I
18256,14678,2035,T
20368,9895,2036,T
12786,12115,2037,I
12579,17979,2038,I
13496,11702,2039,I
5469,19652,2040,N
18038,18361,2041,T
14653,5833,2042,I
14429,8425,2043,T
18977,16447,2044,T
18692,7040,2045,I
9963,16765,2046,T
17559,17545,2047,T
10859,6397,2048,N
14896,7059,2049,T
20823,6074,2050,T
17285,10319,2051,I
6607,9964,2052,I
14023,22063,2053,T
19923,15897,2054,T
18727,13857,2055,T
14722,19468,2056,T
7780,7367,2057,N
16818,11685,2058,I
13735,12110,2059,I
5887,8468,2060,I
18738,16039,2061,T
8321,20455,2062,T
9441,7495,2063,N
18486,13177,2064,T
11386,16758,2065,N
6391,14192,2066,I
8249,6274,2067,N
7554,9687,2068,I
11617,15530,2069,I
20824,6347,2070,T
17974,5816,2071,N
16368,16596,2072,T
4267,16521,2073,N
11864,17301,2074,N
21571,13297,2075,T
13744,13746,2076,I
4281,19248,2077,I
17796,17407,2078,T
9458,10768,2079,I
17819,22043,2080,T
12101,17436,2081,N
10400,9400,2082,I
17038,8275,2083,I
15185,17284,2084,T
13737,12383,2085,I
4700,8338,2086,I
4296,22248,2087,N
5873,5741,2088,I
9967,17583,2089,N
9681,7903,2090,I
8311,18546,2091,T
17080,16729,2092,T
4270,17067,2093,I
16801,8413,2094,I
19472,20535,2095,T
10639,9807,2096,I
4483,12293,2097,I
12346,18935,2098,I
19705,19579,2099,T
11612,14439,2100,I
6139,11330,2101,I
4754,18973,2102,I
15905,18781,2103,T
10163,9537,2104,I
17554,16454,2105,T
10685,18807,2106,N
9710,13630,2107,T
5171,7517,2108,I
5653,9151,2109,I
4991,18836,2110,I
11105,8169,2111,I
13261,12112,2112,I
3802,18433,2113,I
11368,13213,2114,I
17265,6229,2115,I
21590,17115,2116,T
8734,8454,2117,I
14412,5152,2118,I
15384,9783,2119,T
4274,17885,2120,N
20163,16304,2121,T
11817,8029,2122,I
17060,12638,2123,I
18238,11133,2124,T
6613,11328,2125,I
12078,12800,2126,I
11388,17031,2127,N
15876,13054,2128,I
9469,12950,2129,I
9447,8586,2130,I
20659,20665,2131,T
18054,21633,2132,T
18031,16997,2133,T
19697,17943,2134,T
20850,11528,2135,T
15858,9508,2136,T
17027,6093,2137,I
11603,12802,2138,I
20410,18349,2139,T
18254,14132,2140,T
16087,8007,2141,T
10419,13218,2142,I
5919,14740,2143,I
14012,19881,2144,T
15642,13737,2145,I
6362,8466,2146,I
19911,13442,2147,T
11832,11029,2148,I
18504,16722,2149,T
18236,10587,2150,T
6598,8328,2151,I
7533,5596,2152,N
18010,12906,2153,T
10938,21942,2154,N
5164,6154,2155,I
18243,11951,2156,T
12819,18660,2157,I
20626,14120,2158,T
13546,21520,2159,T
7123,18143,2160,T
8975,9134,2161,I
20831,7710,2162,T
9905,5311,2163,I
6388,13647,2164,I
15192,18648,2165,T
10140,4901,2166,N
9751,21812,2167,I
17529,11545,2168,I
8524,13773,2169,T
15368,6511,2170,T
15431,19056,2171,T
13522,16884,2172,T
7814,14185,2173,T
6893,19644,2174,T
6173,18148,2175,I
21362,18889,2176,T
18023,15361,2177,T
16316,6233,2178,I
8729,7363,2179,N
4702,8610,2180,I
5948,20467,2181,N
20408,17803,2182,T
10187,14173,2183,T
8736,8726,2184,I
8994,12952,2185,T
17574,20545,2186,T
17538,13454,2187,T
20363,9076,2188,T
10619,5717,2189,N
17801,18498,2190,T
13019,11159,2191,I
7583,15414,2192,T
16616,18641,2193,T
17570,19727,2194,T
19899,10988,2195,T
21339,14253,2196,T
19928,16715,2197,T
8495,8046,2198,I
21319,10435,2199,T
8965,7225,2200,N
13537,19883,2201,I
20384,13167,2202,T
18944,9902,2203,T
14689,12923,2204,I
10891,12670,2205,I
4253,13794,2206,I
9037,21406,2207,I
16856,19321,2208,T
20177,19032,2209,T
6160,15421,2210,I
10897,13761,2211,T
21079,9755,2212,T
6619,12419,2213,I
14192,8562,2214,T
18030,16724,2215,T
16119,14280,2216,T
4451,6021,2217,I
7807,12822,2218,I
14462,14970,2219,I
8494,7773,2220,N
15365,5965,2221,T
10632,8444,2222,I
14892,6241,2223,T
18446,5268,2224,N
6889,18826,2225,T
10616,5171,2226,N
10928,20033,2227,I
20172,18213,2228,T
17743,7044,2229,I
15158,11830,2230,I
10147,6265,2231,N
6872,15554,2232,T
16111,12643,2233,I
17750,8408,2234,I
21297,6072,2235,T
4767,21428,2236,I
8276,11728,2237,I
12795,13751,2238,I
10935,21396,2239,N
5190,11335,2240,I
11093,5714,2241,I
18512,18358,2242,T
18230,9496,2243,I
20142,12214,2244,T
20388,13985,2245,T
10686,19080,2246,N
5656,9696,2247,I
7081,9962,2248,I
20581,5121,2249,T
21097,13300,2250,T
14949,17422,2251,T
14891,5968,2252,T
15870,11963,2253,I
8015,6957,2254,N
10191,14991,2255,T
15149,10194,2256,T
15438,20419,2257,T
14935,14695,2258,I
14718,18650,2259,T
7325,11188,2260,I
20593,7575,2261,T
12064,10073,2262,I
8077,19229,2263,T
4989,18563,2264,I
13720,9110,2265,T
4516,18838,2266,I
16120,14552,2267,T
12305,10754,2268,I
12045,6255,2269,I
13766,18110,2270,T
21304,7435,2271,T
4696,7519,2272,I
13495,11429,2273,I
20124,8669,2274,T
17504,6636,2275,I
13251,10203,2276,T
10161,8992,2277,I
8794,20180,2278,I
4963,13382,2279,I
18756,19584,2280,T
5219,17062,2281,I
13226,5295,2282,I
14200,10199,2283,T
12565,15252,2284,I
16602,15913,2285,T
19688,16307,2286,T
8070,17866,2287,T
8747,10908,2288,I
5652,8878,2289,I
5245,22243,2290,N
13264,12658,2291,I
16335,10051,2292,T
14695,14287,2293,I
8528,14591,2294,T
8543,17591,2295,T
8091,21956,2296,I
19229,19309,2297,T
9272,20996,2298,I
19878,6897,2299,T
5913,13649,2300,I
21335,13435,2301,T
10671,16080,2302,I
7110,15689,2303,T
20848,10983,2304,T
19394,4991,2305,N
20855,12347,2306,T
9747,20993,2307,I
8513,11591,2308,I
18284,20132,2309,T
8716,4908,2310,I
10869,8306,2311,I
17763,10862,2312,T
19221,17673,2313,T
17738,5953,2314,I
13542,20701,2315,I
6413,18556,2316,I
17292,11683,2317,I
20178,19304,2318,T
16147,19734,2319,T
20604,9757,2320,T
7829,17185,2321,T
21556,10298,2322,T
11847,14028,2323,I
16599,15368,2324,T
4224,8067,2325,I
19420,10172,2326,T
15134,7194,2327,T
12569,16070,2328,I
14242,18380,2329,T
15415,15783,2330,T
18983,17538,2331,T
6627,14055,2332,I
5443,14470,2333,N
6178,18966,2334,I
12536,9525,2335,I
19888,8806,2336,T
13532,18793,2337,T
19886,8533,2338,T
13986,14699,2339,I
17781,14408,2340,T
8294,15274,2341,T
15164,13194,2342,I
3798,17615,2343,N
4764,20882,2344,N
5696,17605,2345,I
8502,9409,2346,I
12308,11299,2347,I
7598,18413,2348,T
8758,13090,2349,T
15397,12238,2350,I
15152,10739,2351,I
13015,10341,2352,I
13742,13473,2353,I
21575,14116,2354,T
16113,13189,2355,I
13786,22200,2356,T
17518,9364,2357,I
14651,5560,2358,I
4455,6839,2359,I
10927,19760,2360,N
10912,16760,2361,N
18027,16179,2362,T
16866,21230,2363,T
12774,9660,2364,T
6389,13920,2365,I
17569,19454,2366,T
9678,7358,2367,N
13989,15245,2368,I
17547,15090,2369,T
9974,18947,2370,N
6381,12284,2371,I
12055,8164,2372,I
16596,14823,2373,T
11637,19348,2374,I
9257,17996,2375,I
4949,10654,2376,I
7603,19232,2377,T
11161,19077,2378,N
7067,7235,2379,I
7571,12959,2380,T
7616,21959,2381,I
10429,15127,2382,T
6420,19919,2383,N
7551,9141,2384,I
6398,15556,2385,I
13513,14975,2386,I
19185,10582,2387,T
8532,15409,2388,T
16822,12503,2389,I
6584,5601,2390,I
4259,14885,2391,N
17299,13046,2392,I
13068,20977,2393,I
18240,11405,2394,T
7812,13640,2395,T
9668,5449,2396,I
14657,6651,2397,T
4220,7249,2398,I
10642,10353,2399,I
11166,20168,2400,N
21531,5389,2401,T
19435,13172,2402,T
4464,8475,2403,I
7532,5323,2404,N
17325,18228,2405,T
6641,16782,2406,I
4014,13386,2407,I
18721,12766,2408,T
8802,21816,2409,I
17778,13862,2410,T
11372,14031,2411,I
16382,19324,2412,T
6666,21691,2413,N
10203,17446,2414,N
4286,20339,2415,N
18965,13992,2416,T
9196,5997,2417,N
5000,20745,2418,N
20611,11121,2419,T
15644,14282,2420,I
12063,9800,2421,I
12568,15798,2422,I
6864,13917,2423,I
11857,15937,2424,I
13248,9658,2425,T
14180,6108,2426,I
7542,7232,2427,I
17558,17272,2428,T
6374,10920,2429,I
9487,16495,2430,T
5929,16649,2431,I
13268,13476,2432,N
7300,6279,2433,N
8318,19910,2434,T
18247,12769,2435,T
12833,21387,2436,I
6843,9827,2437,I
13493,11157,2438,I
8756,12817,2439,T
11367,12940,2440,I
3735,5070,2441,I
14460,14697,2442,I
9970,18129,2443,N
13717,8565,2444,T
9225,11724,2445,I
8055,14866,2446,T
19633,5398,2447,N
16553,6369,2448,I
10415,12399,2449,I
20361,8531,2450,T
21116,17118,2451,T
7838,18821,2452,T
13755,15928,2453,T
15609,7191,2454,T
19889,9079,2455,T
21570,13025,2456,T
13781,21109,2457,T
13253,10476,2458,I
12348,19208,2459,I
21299,6345,2460,T
8323,21001,2461,T
18720,12494,2462,T
15650,15373,2463,T
20419,19985,2464,T
17034,7457,2465,I
19900,11261,2466,T
10670,15807,2467,T
4011,12841,2468,I
16145,19461,2469,T
5442,14197,2470,I
12286,6936,2471,I
11399,19212,2472,I
19470,19990,2473,T
15133,6921,2474,T
6376,11193,2475,I
12802,15115,2476,I
12359,21389,2477,N
5720,22241,2478,N
18955,12083,2479,T
15636,12646,2480,I
16565,8550,2481,I
20406,17530,2482,T
18528,21358,2483,T
16122,14825,2484,T
5936,18013,2485,I
12338,17299,2486,N
4256,14340,2487,I
21068,7573,2488,T
17785,15226,2489,T
10396,8581,2490,I
13463,5157,2491,I
5224,18153,2492,I
9968,17856,2493,N
8961,6407,2494,N
20646,17938,2495,T
5183,9971,2496,I
8767,14999,2497,T
9723,16357,2498,T
14958,19331,2499,T
5189,11062,2500,I
18952,11538,2501,T
12290,7754,2502,I
9676,7085,2503,N
9924,9129,2504,I
5409,7652,2505,I
20866,14528,2506,T
5413,8470,2507,I
17294,11956,2508,I
14206,11289,2509,I
9743,20175,2510,N
19216,16855,2511,T
4706,9428,2512,I
20839,9347,2513,T
21567,12479,2514,T
18921,5266,2515,N
19172,8128,2516,I
10699,21534,2517,N
5880,7104,2518,I
9952,14584,2519,T
15882,14417,2520,T
9986,21401,2521,I
18925,6084,2522,N
12335,16753,2523,I
13767,18382,2524,T
20402,16712,2525,T
19241,21764,2526,T
11384,16213,2527,N
10414,12127,2528,I
13971,11700,2529,I
9670,5722,2530,I
19903,11806,2531,T
15635,12373,2532,I
17053,11275,2533,I
13228,5567,2534,I
18511,18086,2535,T
6167,16784,2536,I
5450,15834,2537,N
15860,10054,2538,T
6358,7647,2539,I
6629,14328,2540,I
15373,7602,2541,T
14909,9513,2542,T
17804,19044,2543,T
19448,15626,2544,T
10170,10901,2545,I
20619,12757,2546,T
6883,17735,2547,T
8018,7503,2548,N
20161,16032,2549,T
9732,17994,2550,N
6189,21148,2551,N
12759,6660,2552,I
7060,5871,2553,N
16380,19051,2554,T
18220,7587,2555,I
11633,18529,2556,N
18741,16584,2557,T
5934,17740,2558,I
8008,5594,2559,N
4684,5065,2560,I
9692,10085,2561,I
18273,17950,2562,T
6147,12966,2563,I
19197,13037,2564,T
7600,18686,2565,T
21355,17526,2566,T
3993,9296,2567,I
15366,6238,2568,T
19395,5263,2569,N
14726,20286,2570,T
6876,16372,2571,T
18013,13452,2572,T
19934,18078,2573,T
16787,5686,2574,I
14943,16331,2575,T
18245,12496,2576,T
16600,15641,2577,T
21552,9479,2578,T
14221,14289,2579,I
10221,20991,2580,I
14498,22060,2581,T
8242,4911,2582,N
18237,10860,2583,T
13726,10201,2584,T
17343,21773,2585,T
15434,19601,2586,T
19475,21081,2587,T
6878,16644,2588,T
12539,10071,2589,I
5700,18423,2590,I
12987,4887,2591,I
13993,16063,2592,T
19917,14533,2593,T
20600,8939,2594,T
6193,21966,2595,N
12750,5024,2596,I
14694,14014,2597,I
12515,5434,2598,I
19450,16172,2599,T
5476,21015,2600,I
6154,14330,2601,I
12544,11161,2602,I
7792,9822,2603,I
9978,19765,2604,N
11345,8577,2605,I
7319,10097,2606,I
18032,17270,2607,T
10426,14581,2608,T
9949,14038,2609,T
11803,5302,2610,I
12550,12252,2611,I
9687,9267,2612,I
15188,17830,2613,T
4951,10927,2614,I
9721,15812,2615,T
11852,15119,2616,I
15142,8830,2617,T
17803,18771,2618,T
19943,19715,2619,T
13066,20431,2620,I
8083,20320,2621,T
9943,12947,2622,I
12313,12390,2623,I
15129,6103,2624,T
18018,14543,2625,T
3971,4932,2626,I
7849,21003,2627,I
13738,12655,2628,I
11862,17028,2629,N
6111,5876,2630,I
16848,17685,2631,T
7777,6822,2632,N
19187,11128,2633,T
8792,19907,2634,I
17098,20274,2635,T
9509,20858,2636,I
12086,14436,2637,I
7345,15279,2638,T
19915,14260,2639,T
13497,11975,2640,I
7835,18276,2641,T
4689,6156,2642,I
5666,11605,2643,I
15433,19328,2644,T
4982,17200,2645,I
5432,12288,2646,I
4717,11610,2647,I
13045,16341,2648,I
8072,18138,2649,T
16332,9506,2650,T
4277,18430,2651,I
13048,16886,2652,I
21110,16027,2653,T
21315,9617,2654,T
9232,13087,2655,T
7091,11871,2656,I
9263,19087,2657,I
13026,12523,2658,I
20861,13710,2659,T
4490,13657,2660,I
18276,18496,2661,T
18951,11265,2662,T
6818,4918,2663,I
21106,15209,2664,T
14679,11014,2665,T
16825,13049,2666,I
19714,21488,2667,T
14417,6243,2668,T
18992,19447,2669,T
11623,16620,2670,N
13071,21522,2671,I
14250,20016,2672,T
14188,7744,2673,T
6605,9692,2674,I
13529,18247,2675,T
10700,21807,2676,N
13471,6793,2677,I
13762,17291,2678,T
5884,7923,2679,I
9012,16497,2680,T
19212,16037,2681,T
10617,5444,2682,N
18754,19312,2683,T
14182,6653,2684,T
17101,20820,2685,T
7139,21416,2686,I
5675,13514,2687,I
16569,9368,2688,I
20381,12622,2689,T
11407,20849,2690,N
20401,16440,2691,T
20596,8121,2692,T
19160,5674,2693,N
20377,11804,2694,T
16369,16869,2695,T
18458,7722,2696,I
6402,16374,2697,I
18959,12902,2698,T
5460,17743,2699,I
5161,5608,2700,I
15126,5558,2701,I
12529,8162,2702,I
15389,10602,2703,I
8795,20453,2704,I
12084,13891,2705,I
12334,16480,2706,I
11573,6803,2707,I
4986,18018,2708,I
6353,6829,2709,I
20132,10305,2710,T
15911,20144,2711,T
11626,17166,2712,N
7553,9414,2713,I
16547,5005,2714,I
17288,10865,2715,I
16552,6096,2716,I
5158,5063,2717,I
12353,20298,2718,I
12085,14164,2719,I
7114,16507,2720,T
14902,8150,2721,T
20343,4986,2722,T
10403,9945,2723,I
19178,9219,2724,T
13073,21795,2725,I
9916,7493,2726,I
9981,20310,2727,N
13060,19340,2728,I
11100,7078,2729,I
9443,7768,2730,I
14254,20834,2731,T
9207,8178,2732,I
13997,16881,2733,T
4533,22111,2734,N
17280,9228,2735,I
16314,5961,2736,I
20168,17395,2737,T
8268,10092,2738,I
5421,10107,2739,I
5479,21560,2740,I
8505,9955,2741,I
15889,15781,2742,T
10863,7216,2743,I
6168,17057,2744,I
4922,5200,2745,I
12042,5710,2746,I
8541,17045,2747,T
14956,18785,2748,T
18050,20815,2749,T
15878,13599,2750,I
20654,19575,2751,T
14944,16604,2752,T
8065,16775,2753,T
9699,11449,2754,I
20819,5256,2755,T
21589,16843,2756,T
21328,12071,2757,T
16148,20007,2758,T
19430,12081,2759,T
11620,16075,2760,I
18036,18088,2761,T
13033,13886,2762,N
13466,5702,2763,I
11639,19893,2764,I
11861,16756,2765,N
4022,15023,2766,I
13034,14159,2767,I
19918,14806,2768,T
3801,18160,2769,I
20164,16577,2770,T
12521,6525,2771,I
19424,10990,2772,T
8063,16502,2773,T
10165,9810,2774,I
17496,5000,2775,N
7539,6687,2776,N
9021,18134,2777,T
5211,15426,2778,N
21365,19435,2779,T
13009,9250,2780,T
17515,8818,2781,I
16345,11960,2782,I
5172,7790,2783,I
20623,13575,2784,T
7109,15416,2785,T
7370,20187,2786,T
18525,20813,2787,T
16090,8553,2788,T
13730,11019,2789,I
18948,10720,2790,T
10660,13898,2791,T
21091,12209,2792,T
12052,7619,2793,I
17323,17682,2794,T
14698,14832,2795,I
20618,12484,2796,T
6422,20465,2797,N
8251,6820,2798,N
11103,7623,2799,I
12050,7346,2800,I
12093,15800,2801,I
11608,13621,2802,I
7618,22231,2803,I
5669,12151,2804,I
12072,11709,2805,I
17089,18365,2806,T
12768,8569,2807,T
10162,9264,2808,I
13030,13341,2809,N
14660,7196,2810,T
19439,13990,2811,T
16814,10867,2812,I
11366,12667,2813,I
13517,15793,2814,T
13937,5155,2815,I
7320,10370,2816,I
9925,9402,2817,I
5244,21971,2818,N
16809,10049,2819,I
15418,16329,2820,T
16374,17687,2821,T
14207,11562,2822,I
20828,7165,2823,T
17327,18501,2824,T
12337,17026,2825,N
19901,11533,2826,T
7585,15686,2827,T
21094,12754,2828,T
10620,5990,2829,N
16361,15233,2830,T
4992,19108,2831,I
7298,6006,2832,N
6400,16101,2833,I
20373,10985,2834,T
8027,9412,2835,I
7852,21548,2836,I
14464,15515,2837,T
11343,8304,2838,I
4035,17477,2839,N
18503,16449,2840,T
7336,13370,2841,T
16116,13734,2842,I
20852,11801,2843,T
10852,5034,2844,N
12572,16616,2845,I
11586,9257,2846,I
4017,13932,2847,I
10693,20443,2848,N
7784,8186,2849,I
16783,4867,2850,I
8788,19089,2851,T
17047,10184,2852,I
20830,7438,2853,T
9744,20448,2854,I
11359,11304,2855,I
8297,15819,2856,T
17985,7998,2857,I
3808,19524,2858,I
12828,20296,2859,I
13502,12793,2860,I
15145,9376,2861,T
13240,8022,2862,T
16567,9096,2863,I
21311,8799,2864,T
12517,5707,2865,I
6836,8463,2866,I
18990,18901,2867,T
15654,16191,2868,T
16101,10734,2869,I
12555,13343,2870,I
7355,17187,2871,T
21066,7300,2872,T
15624,10191,2873,T
16105,11552,2874,I
8076,18957,2875,T
13785,21927,2876,T
7374,21005,2877,I
15898,17417,2878,T
18017,14270,2879,T
6367,9556,2880,I
20871,15619,2881,T
16785,5140,2882,I
19680,14671,2883,T
13474,7339,2884,T
13235,6931,2885,I
16611,17822,2886,T
9270,20450,2887,I
13006,8705,2888,T
8509,10773,2889,I
9001,14316,2890,T
9488,16768,2891,T
9476,14313,2892,T
18494,14813,2893,T
12755,5842,2894,I
19952,21624,2895,T
17329,19046,2896,T
7850,21276,2897,I
12793,13478,2898,I
13024,12250,2899,I
20872,15892,2900,T
8329,22091,2901,I
16595,14550,2902,T
15395,11965,2903,I
10659,13625,2904,I
6596,7783,2905,I
9514,21949,2906,I
10681,17989,2907,N
16115,13461,2908,I
20644,17666,2909,T
4049,20204,2910,I
5876,6286,2911,I
17573,20272,2912,T
14235,17016,2913,T
12535,9252,2914,I
13254,10749,2915,I
11811,6938,2916,I
6109,5331,2917,I
11590,10075,2918,I
4930,6836,2919,I
5234,20062,2920,N
20834,8256,2921,T
21076,9209,2922,T
10174,11719,2923,I
19708,20125,2924,T
20589,6757,2925,T
8542,17318,2926,T
7774,6277,2927,N
10635,8989,2928,I
19875,6352,2929,I
21561,11388,2930,T
11111,9260,2931,I
4453,6293,2932,I
21361,18617,2933,T
8019,7775,2934,I
17512,8273,2935,I
20617,12211,2936,T
21112,16300,2937,T
8030,9957,2938,I
8798,20998,2939,I
14940,15785,2940,T
17331,19319,2941,T
9268,20178,2942,I
21586,16297,2943,T
17507,7182,2944,I
5160,5335,2945,I
5900,10922,2946,I
20610,10848,2947,T
4729,14065,2948,N
10883,11033,2949,I
19885,8261,2950,T
18532,22176,2951,T
11172,21259,2952,N
14422,7061,2953,T
21098,13573,2954,T
15401,13056,2955,I
7305,7370,2956,I
17087,18093,2957,T
4938,8473,2958,I
19163,6219,2959,I
6589,6419,2960,I
9750,21539,2961,I
14889,5695,2962,I
17497,5273,2963,N
19449,15899,2964,T
18505,16995,2965,T
16786,5413,2966,I
20135,10850,2967,T
8776,16635,2968,T
4530,21565,2969,I
8485,6137,2970,N
13503,13066,2971,I
16800,8140,2972,I
9459,11041,2973,I
19196,12764,2974,T
4957,12291,2975,I
12757,6388,2976,I
10886,11579,2977,I
17978,6634,2978,I
6667,21964,2979,N
7818,15003,2980,T
19403,6900,2981,I
5451,16106,2982,N
4735,15155,2983,N
13549,22065,2984,T
7311,8461,2985,I
5237,20607,2986,N
11357,11031,2987,I
21595,17934,2988,T
18745,17403,2989,T
15436,19874,2990,T
13247,9385,2991,T
12095,16073,2992,I
12587,19615,2993,I
19413,8809,2994,T
11588,9803,2995,I
4948,10382,2996,I
20141,11941,2997,T
7832,17731,2998,T
7799,11185,2999,I
21308,8253,3000,T
17525,10727,3001,I
10645,10898,3002,I
16136,17552,3003,T
13038,14977,3004,I
7297,5734,3005,N
19201,13855,3006,T
13976,12790,3007,I
10417,12672,3008,I
20352,6895,3009,T
16311,5415,3010,I
11382,15940,3011,I
19879,7170,3012,T
11649,21802,3013,N
15376,8147,3014,T
6600,8601,3015,I
11392,17849,3016,N
7323,10915,3017,I
4498,15293,3018,N
21539,7025,3019,T
20864,14256,3020,T
20837,8801,3021,T
4266,16249,3022,N
8565,21954,3023,I
4927,6291,3024,I
19904,12079,3025,T
6114,6421,3026,I
11569,5985,3027,I
9671,5994,3028,I
12110,19072,3029,I
18035,17815,3030,T
19401,6354,3031,I
18714,11403,3032,T
17314,16046,3033,T
20386,13440,3034,T
17267,6774,3035,I
11883,21119,3036,N
13489,10338,3037,T
7293,4915,3038,N
21545,8116,3039,T
12107,18527,3040,I
13275,14839,3041,I
17049,10457,3042,I
14458,14152,3043,I
7367,19642,3044,T
19194,12491,3045,T
10908,15942,3046,I
15834,4872,3047,I
10654,12807,3048,I
6898,20735,3049,I
18475,10995,3050,T
10679,17716,3051,N
7787,8731,3052,I
5879,6832,3053,I
18501,16177,3054,T
11148,16623,3055,N
17321,17410,3056,T
10638,9535,3057,I
8066,17048,3058,T
9466,12404,3059,I
14918,11422,3060,I
5414,8743,3061,I
21318,10162,3062,T
4769,21973,3063,N
5937,18286,3064,I
21344,15344,3065,T
21322,10981,3066,T
9040,21952,3067,I
17540,13727,3068,T
19881,7443,3069,T
12575,17161,3070,I
18510,17813,3071,T
18479,11813,3072,T
18234,10314,3073,T
7781,7640,3074,I
9988,21674,3075,I
16858,19594,3076,T
16834,14958,3077,T
10898,14033,3078,T
10895,13488,3079,I
19421,10445,3080,T
12090,15254,3081,I
5691,16514,3082,I
11125,11987,3083,I
8325,21273,3084,I
21126,19027,3085,T
7535,5869,3086,N
18765,21493,3087,T
14469,16333,3088,T
4292,21430,3089,N
13250,9931,3090,T
16383,19596,3091,T
10227,22082,3092,N
19922,15624,3093,T
17818,21771,3094,T
14733,21650,3095,T
17067,14002,3096,T
18764,21220,3097,T
19663,11398,3098,T
20629,14666,3099,T
19713,21216,3100,T
13276,15112,3101,I
12352,20026,3102,I
11173,21532,3103,N
11830,10756,3104,I
14018,20972,3105,T
6351,6284,3106,I
7376,21278,3107,I
9950,14311,3108,T
19955,22169,3109,T
11331,5850,3110,I
14942,16058,3111,T
13524,17156,3112,T
6649,18418,3113,T
9004,14861,3114,T
14701,15378,3115,T
7085,10780,3116,I
17764,11135,3117,T
18988,18629,3118,T
16836,15230,3119,T
9217,10087,3120,I
11129,12805,3121,I
10667,15262,3122,T
5468,19379,3123,I
4765,21155,3124,N
6651,18691,3125,T
12099,16891,3126,N
9971,18401,3127,N
16386,20142,3128,T
11619,15802,3129,I
3973,5205,3130,I
18731,14675,3131,T
8557,20318,3132,T
20185,20668,3133,T
9205,7633,3134,N
18216,6769,3135,I
14222,14562,3136,I
10388,6945,3137,I
4960,12836,3138,I
7096,12962,3139,I
16125,15370,3140,T
7842,19639,3141,T
13475,7611,3142,T
18927,6629,3143,I
5901,11195,3144,I
4768,21700,3145,N
16852,18503,3146,T
6164,16239,3147,I
12800,14842,3148,I
9434,6132,3149,N
12350,19753,3150,I
10155,7901,3151,I
18929,6902,3152,I
15362,5420,3153,I
15873,12508,3154,I
15885,14963,3155,T
20867,14801,3156,T
11364,12395,3157,I
11335,6668,3158,I
4051,20750,3159,I
11414,22212,3160,N
11140,14987,3161,T
15849,7872,3162,T
4744,17064,3163,I
14693,13741,3164,I
6586,5874,3165,I
20650,18756,3166,T
6425,21010,3167,N
8737,8999,3168,I
10881,10761,3169,I
6169,17330,3170,I
16598,15095,3171,T
14960,19603,3172,T
14886,5150,3173,I
18225,8405,3174,I
15661,17555,3175,T
10410,11309,3176,I
18724,13312,3177,T
5007,22108,3178,N
4737,15701,3179,N
5223,17880,3180,I
14473,17151,3181,T
18445,4995,3182,N
7118,17325,3183,T
12071,11437,3184,I
10701,22079,3185,N
5455,16924,3186,I
6122,8058,3187,I
19211,15764,3188,T
7111,15961,3189,T
9739,19357,3190,N
13280,15930,3191,T
4935,7927,3192,I
16338,10597,3193,I
13702,5565,3194,I
21357,17798,3195,T
19673,13307,3196,T
19921,15351,3197,T
4234,9976,3198,I
14888,5422,3199,I
14001,17699,3200,T
11092,5442,3201,I
21348,16162,3202,T
14438,10334,3203,T
9965,17311,3204,N
21369,20253,3205,T
9737,19084,3206,N
4923,5473,3207,I
21588,16570,3208,T
4219,6976,3209,I
21070,8118,3210,T
12595,21252,3211,I
12528,7889,3212,I
9034,20861,3213,I
11168,20441,3214,N
18267,16860,3215,T
9436,6405,3216,N
9228,12269,3217,I
14191,8290,3218,T
11114,9805,3219,I
6117,6967,3220,I
6165,16512,3221,I
6821,5463,3222,N
17747,7862,3223,I
5875,6014,3224,I
21341,14799,3225,T
16558,7187,3226,I
20655,19847,3227,T
18974,15901,3228,T
5692,16787,3229,I
8761,13635,3230,T
5673,12969,3231,I
12781,11024,3232,I
9491,17313,3233,T
13467,5975,3234,I
10631,8171,3235,I
15180,16193,3236,T
11844,13483,3237,I
12068,10891,3238,I
6176,18693,3239,I
8290,14456,3240,T
14211,12380,3241,I
5883,7650,3242,I
13740,12928,3243,I
9715,14721,3244,T
21083,10573,3245,T
11869,18392,3246,N
9445,8314,3247,I
5924,15831,3248,I
5930,16922,3249,I
11121,11169,3250,I
7358,17733,3251,T
9030,20043,3252,I
4970,14745,3253,N
18248,13042,3254,T
6405,16920,3255,I
15426,17965,3256,T
15162,12648,3257,I
4736,15428,3258,N
12553,12798,3259,I
18743,17130,3260,T
10641,10080,3261,I
7326,11461,3262,I
14917,11149,3263,T
18241,11678,3264,T
19640,6762,3265,I
18742,16857,3266,T
20651,19029,3267,T
6660,20600,3268,N
8052,14320,3269,T
4233,9704,3270,I
4757,19519,3271,N
16329,8960,3272,I
20380,12349,3273,T
8069,17593,3274,T
18468,9631,3275,T
4523,20202,3276,N
17093,19184,3277,T
20179,19577,3278,T
14215,13198,3279,I
15669,19191,3280,T
4988,18290,3281,I
12299,9663,3282,I
8074,18684,3283,T
4933,7382,3284,I
14709,17014,3285,T
4993,19381,3286,N
15602,5828,3287,I
16621,19731,3288,T
6411,18283,3289,I
18698,8130,3290,I
12547,11707,3291,I
8484,5864,3292,N
4502,16111,3293,N
5440,13925,3294,I
3992,9023,3295,I
19243,22036,3296,T
8783,17998,3297,T
10443,17854,3298,N
5242,21698,3299,N
5433,12561,3300,I
10219,20446,3301,I
6186,20602,3302,N
10185,13901,3303,T
18464,8813,3304,I
9473,13768,3305,T
12079,13073,3306,I
10690,19898,3307,N
18732,14948,3308,T
18450,6086,3309,N
19925,16169,3310,T
13239,7749,3311,T
11126,12259,3312,I
13311,21930,3313,I
17051,11002,3314,I
10934,21124,3315,N
16098,10189,3316,T
9954,15129,3317,T
19669,12489,3318,T
21325,11526,3319,T
7607,20050,3320,T
15859,9781,3321,T
19002,21356,3322,T
10223,21264,3323,N
8563,21409,3324,I
5663,11060,3325,N
5173,8062,3326,I
19706,19852,3327,T
15838,5690,3328,I
16841,16321,3329,T
12548,11980,3330,I
6352,6557,3331,I
10915,17306,3332,N
7327,11733,3333,I
12835,21660,3334,I
17300,13319,3335,T
20350,6349,3336,T
14218,13744,3337,I
12119,20981,3338,N
7789,9276,3339,I
5926,16104,3340,I
10381,5582,3341,N
9914,7220,3342,N
14209,11835,3343,I
4210,5340,3344,I
12117,20436,3345,I
18943,9629,3346,T
20870,15346,3347,T
12808,16478,3348,I
18696,7858,3349,I
15148,9921,3350,T
17537,13182,3351,I
20354,7167,3352,T
20150,13850,3353,T
17336,20410,3354,T
9202,7088,3355,N
8037,11321,3356,I
20607,10302,3357,T
14231,16198,3358,T
20640,16847,3359,T
20826,6620,3360,T
6140,11603,3361,I
10465,22217,3362,N
12283,6390,3363,I
13709,6928,3364,T
8981,10225,3365,I
5931,17195,3366,I
10393,8036,3367,I
8258,8183,3368,I
8256,7638,3369,N
14968,21240,3370,T
18481,12086,3371,T
12537,9798,3372,I
10379,5309,3373,N
10861,6670,3374,I
18717,11948,3375,T
14226,15380,3376,T
19690,16580,3377,T
11159,18805,3378,N
13022,11704,3379,I
6371,10375,3380,I
20114,6760,3381,T
9271,20723,3382,I
15646,14555,3383,I
18750,18493,3384,T
14431,8970,3385,T
13984,14427,3386,I
17999,10725,3387,T
6128,9149,3388,I
14708,16741,3389,T
6626,13782,3390,I
18969,14811,3391,T
7331,12551,3392,I
15599,5283,3393,I
21366,19707,3394,T
13288,17567,3395,T
12541,10616,3396,I
13756,16201,3397,T
6424,20738,3398,N
5893,9559,3399,N
19656,10035,3400,T
13994,16336,3401,T
11819,8574,3402,I
4511,17747,3403,I
4743,16792,3404,I
8054,14593,3405,T
13017,10886,3406,I
21333,13162,3407,T
11378,15122,3408,T
12121,21254,3409,N
21560,11116,3410,T
14181,6381,3411,T
6850,11190,3412,I
14004,18245,3413,T
16589,13459,3414,I
7354,16915,3415,T
12039,5164,3416,I
17097,20002,3417,T
16133,17007,3418,T
15196,19466,3419,T
19474,20808,3420,T
11650,22075,3421,N
12824,19478,3422,I
19892,9624,3423,T
20160,15759,3424,T
14013,20154,3425,T
10201,16900,3426,N
3809,19796,3427,I
16843,16594,3428,T
5182,9699,3429,I
16072,5007,3430,I
13969,11427,3431,I
10630,7898,3432,I
13290,17839,3433,T
9462,11586,3434,I
13462,4884,3435,I
17056,11820,3436,I
4505,16656,3437,N
19452,16444,3438,T
4228,8885,3439,I
16107,11825,3440,I
5402,6289,3441,I
11119,10896,3442,I
6904,21826,3443,N
13023,11977,3444,I
14915,10877,3445,T
16346,12233,3446,I
13473,7066,3447,T
17771,12499,3448,T
11808,6393,3449,I
20583,5666,3450,T
10457,20581,3451,N
12103,17709,3452,N
19872,5806,3453,I
14452,13061,3454,I
4036,17750,3455,N
4032,16932,3456,I
13514,15247,3457,I
4956,12018,3458,I
19192,11946,3459,T
10389,7218,3460,I
15848,7599,3461,T
8725,6545,3462,N
14697,14559,3463,I
20121,8123,3464,T
4731,14337,3465,N
4000,10659,3466,I
8554,19772,3467,T
8567,22227,3468,I
4238,10794,3469,I
10916,17579,3470,N
19914,13988,3471,T
11104,7896,3472,I
4278,18703,3473,I
7344,15006,3474,T
17263,5956,3475,I
19926,16442,3476,T
19699,18489,3477,T
12089,14982,3478,I
15847,7327,3479,T
18453,6632,3480,I
13711,7201,3481,T
10865,7488,3482,I
4531,21838,3483,N
15386,10056,3484,T
8247,6002,3485,N
6871,15281,3486,T
21099,13845,3487,T
13284,16748,3488,I
15631,11555,3489,I
9008,15679,3490,T
17970,4998,3491,N
20657,20120,3492,T
12993,5977,3493,I
15840,5963,3494,I
8012,6412,3495,N
7077,9144,3496,I
10879,10215,3497,I
11854,15392,3498,I
16353,13597,3499,I
20149,13577,3500,T
6874,15826,3501,T
6113,6149,3502,I
18211,5678,3503,N
14691,13469,3504,I
8561,21136,3505,I
17745,7317,3506,I
12582,18525,3507,I
9245,15542,3508,T
19654,9489,3509,T
12788,12387,3510,I
10425,14308,3511,T
13257,11294,3512,I
6172,17875,3513,I
4216,6431,3514,I
15402,13329,3515,I
18232,9769,3516,T
15881,14144,3517,T
18980,16992,3518,T
16134,17279,3519,T
7609,20595,3520,T
12756,6115,3521,I
5688,15969,3522,I
18261,15496,3523,T
9930,10220,3524,I
7314,9006,3525,I
20395,15349,3526,T
8958,5862,3527,N
8784,18271,3528,T
5886,8195,3529,I
18207,4860,3530,N
20853,12074,3531,T
20166,16850,3532,T
8305,17455,3533,T
9979,20038,3534,N
18269,17132,3535,T
20863,13983,3536,T
12315,12663,3537,I
16379,18778,3538,T
5449,15561,3539,N
11107,8442,3540,I
17509,7727,3541,I
9733,18266,3542,N
9018,17588,3543,T
10154,7628,3544,I
13515,15520,3545,I
7836,18549,3546,T
20188,21213,3547,T
18281,19587,3548,T
4271,17339,3549,I
11638,19620,3550,I
6590,6692,3551,I
18752,18766,3552,T
7116,16780,3553,T
9230,12542,3554,I
16837,15503,3555,T
18009,12634,3556,T
13957,8973,3557,T
16805,9231,3558,I
11401,19758,3559,I
4466,9021,3560,I
14233,16744,3561,T
16137,17825,3562,T
19632,5126,3563,N
20413,18894,3564,T
15856,9236,3565,T
7318,9824,3566,I
8048,13502,3567,T
19665,11671,3568,T
15184,17011,3569,T
9430,5314,3570,N
17805,19316,3571,T
9696,10903,3572,I
7348,15824,3573,T
15361,5147,3574,I
9214,9542,3575,I
9267,19905,3576,I
20888,18892,3577,T
17987,8270,3578,I
5698,17878,3579,I
13237,7476,3580,T
18685,5676,3581,N
20189,21486,3582,T
7308,7915,3583,I
12837,22205,3584,I
21065,7027,3585,T
13041,15522,3586,I
19416,9354,3587,T
10683,18534,3588,N
20379,12076,3589,T
9198,6269,3590,N
20130,9759,3591,T
17287,10592,3592,I
12796,14024,3593,I
13777,20291,3594,I
7378,21824,3595,N
8801,21544,3596,I
16075,5553,3597,I
12562,14707,3598,I
17303,13864,3599,T
16339,10869,3600,I
14938,15240,3601,T
5912,13377,3602,I
19456,17263,3603,T
14650,5287,3604,I
18681,4858,3605,N
19179,9492,3606,T
11110,8987,3607,I
14453,13333,3608,I
13763,17564,3609,T
17306,14410,3610,T
15400,12783,3611,I
17065,13729,3612,T
12836,21932,3613,I
21530,5116,3614,T
7105,14598,3615,T
17548,15363,3616,T
18749,18221,3617,T
18922,5538,3618,N
9975,19220,3619,N
14953,18240,3620,T
10666,14989,3621,T
14224,14835,3622,I
13741,13201,3623,I
11624,16893,3624,N
11627,17439,3625,N
13039,15250,3626,I
12797,14296,3627,I
16610,17550,3628,T
13936,4882,3629,I
16356,14142,3630,T
11342,8031,3631,I
20635,15757,3632,T
17742,6772,3633,I
20658,20393,3634,T
21061,6209,3635,T
19464,18899,3636,T
19668,12216,3637,T
18215,6496,3638,I
8272,10910,3639,I
20369,10167,3640,T
18223,8133,3641,I
18028,16452,3642,T
11327,5031,3643,I
8307,17728,3644,T
19662,11125,3645,T
12815,17842,3646,I
20134,10578,3647,T
16838,15776,3648,T
4295,21976,3649,I
20345,5531,3650,I
18507,17267,3651,T
11877,20028,3652,I
20370,10440,3653,T
8274,11183,3654,I
17269,7047,3655,I
17076,15911,3656,T
16603,16186,3657,T
17578,21363,3658,T
8496,8318,3659,I
21581,15206,3660,T
11634,18802,3661,N
14416,5970,3662,I
18932,7447,3663,I
12066,10346,3664,I
10399,9127,3665,I
14485,19606,3666,T
7143,22234,3667,N
4479,11475,3668,I
10646,11171,3669,I
11882,20846,3670,N
4529,21293,3671,N
18683,5131,3672,N
17988,8543,3673,I
5667,11878,3674,I
18244,12223,3675,T
10877,9943,3676,I
12291,8026,3677,I
19946,20260,3678,T
13769,18655,3679,T
6395,15011,3680,I
20622,13302,3681,T
16093,9098,3682,T
10190,14719,3683,T
21072,8391,3684,T
14936,14967,3685,I
5670,12423,3686,I
17278,8956,3687,I
19691,16852,3688,T
10926,19488,3689,N
20585,5939,3690,T
8549,18681,3691,T
20603,9484,3692,T
4213,5886,3693,I
18938,8811,3694,T
5002,21017,3695,N
20662,21211,3696,T
13488,10066,3697,T
11118,10623,3698,I
13948,7336,3699,T
15869,11690,3700,I
11411,21667,3701,N
12316,12935,3702,I
10188,14446,3703,T
15412,15238,3704,T
17549,15636,3705,T
20109,5669,3706,I
5165,6426,3707,I
15170,14284,3708,I
13305,20839,3709,I
4473,10384,3710,I
20588,6484,3711,T
21330,12617,3712,T
8745,10635,3713,I
18930,7175,3714,I
18760,20402,3715,T
18701,8676,3716,I
11822,9120,3717,I
8529,14863,3718,T
10212,19082,3719,I
10870,8579,3720,I
17765,11408,3721,T
10205,17718,3722,N
12778,10478,3723,I
17541,14000,3724,T
11605,13075,3725,I
20387,13713,3726,T
18285,20405,3727,T
8315,19364,3728,T
17790,16316,3729,T
21566,12207,3730,T
18973,15629,3731,T
12564,14979,3732,I
6897,20462,3733,I
19701,18761,3734,T
14669,9105,3735,T
6191,21693,3736,N
12814,17569,3737,I
20405,17258,3738,T
8733,8181,3739,I
15130,6376,3740,T
20582,5394,3741,T
4031,16659,3742,I
10903,15124,3743,T
5717,21696,3744,N
4002,10932,3745,I
8316,19637,3746,T
6138,11058,3747,I
6392,14465,3748,I
19481,22171,3749,T
8062,16229,3750,T
8303,16910,3751,T
15169,14012,3752,I
7593,17323,3753,T
15127,5830,3754,T
17536,12909,3755,I
8080,19775,3756,T
18500,15904,3757,T
12767,8297,3758,T
14493,21242,3759,T
11875,19483,3760,I
20421,20530,3761,T
18272,17678,3762,T
17563,18363,3763,T
20167,17123,3764,T
10461,21399,3765,N
11821,8847,3766,I
8799,21271,3767,I
7307,7643,3768,I
5202,13789,3769,I
9512,21404,3770,I
4252,13522,3771,I
5417,9288,3772,I
8972,8589,3773,I
7312,8733,3774,I
16342,11415,3775,I
7582,15141,3776,T
17808,19862,3777,T
21321,10708,3778,T
17309,14955,3779,T
19677,14125,3780,T
6631,14873,3781,I
8506,10227,3782,I
8770,15544,3783,T
10448,18944,3784,N
13271,14021,3785,N
11406,20576,3786,N
18526,21085,3787,T
16623,20004,3788,T
19175,8673,3789,T
10213,19355,3790,N
14736,22195,3791,T
4714,11065,3792,I
9438,6950,3793,N
17046,9911,3794,I
4509,17475,3795,I
9236,13905,3796,T
4749,17882,3797,I
9479,14859,3798,T
10444,18126,3799,N
9667,5176,3800,N
11850,14574,3801,I
10899,14306,3802,T
11848,14301,3803,I
13002,7886,3804,T
18976,16174,3805,T
17815,21225,3806,T
8029,9684,3807,I
10408,11036,3808,I
16840,16049,3809,T
12297,9117,3810,I
16859,19867,3811,T
11363,12122,3812,I
14933,14422,3813,I
16100,10462,3814,T
4494,14475,3815,I
14713,17832,3816,T
11370,13485,3817,I
11570,6257,3818,I
19165,6764,3819,I
7578,14323,3820,T
7089,11598,3821,I
16078,6098,3822,I
9010,15952,3823,T
9000,14043,3824,T
10657,13353,3825,I
14969,21512,3826,T
19939,18896,3827,T
20817,4983,3828,T
19427,11536,3829,T
17534,12636,3830,I
15902,18235,3831,T
5933,17467,3832,I
17078,16184,3833,T
13775,20019,3834,I
9243,15269,3835,T
13273,14567,3836,I
14951,17967,3837,T
12584,19070,3838,I
10689,19625,3839,N
16559,7459,3840,T
11339,7486,3841,I
17029,6639,3842,I
9903,5039,3843,N
14427,8152,3844,T
10463,21944,3845,N
18252,13860,3846,T
19874,6079,3847,I
19634,5671,3848,I
20832,7983,3849,T
17754,9226,3850,I
5947,20195,3851,N
15413,15510,3852,T
16362,15506,3853,T
14444,11425,3854,I
10906,15670,3855,T
9977,19492,3856,N
13983,14154,3857,I
10401,9672,3858,I
15665,18373,3859,T
11143,15532,3860,T
19468,19717,3861,T
8773,16089,3862,T
12320,13753,3863,I
6366,9284,3864,I
20358,7986,3865,T
4273,17612,3866,N
6842,9554,3867,I
7612,21141,3868,I
10392,7763,3869,I
20612,11393,3870,T
14686,12378,3871,I
21081,10300,3872,T
17732,4863,3873,N
6344,4920,3874,I
10652,12262,3875,I
17792,16589,3876,T
18222,7860,3877,I
20849,11256,3878,T
18056,21906,3879,T
9039,21679,3880,I
8556,20045,3881,T
4946,10109,3882,I
9941,12402,3883,I
10436,16490,3884,I
9492,17586,3885,N
14228,15653,3886,T
17083,17275,3887,T
4007,12023,3888,I
17972,5270,3889,N
8550,18954,3890,T
18489,13722,3891,T
7360,18278,3892,T
20896,20528,3893,T
6146,12694,3894,I
19419,9899,3895,T
19897,10715,3896,T
16851,18230,3897,T
7560,10778,3898,I
21534,5934,3899,T
4695,7247,3900,I
11583,8712,3901,I
16083,7189,3902,T
19181,9764,3903,T
12810,16751,3904,I
19189,11400,3905,T
18258,14951,3906,T
18768,22039,3907,T
10440,17308,3908,N
19672,13034,3909,T
20355,7440,3910,T
17783,14953,3911,T
10648,11444,3912,I
12789,12660,3913,I
8963,6680,3914,N
15604,6373,3915,T
20391,14531,3916,T
10663,14444,3917,T
17776,13589,3918,T
18522,20267,3919,T
4753,18701,3920,I
7531,5051,3921,N
5193,11880,3922,I
8491,7228,3923,N
21117,17391,3924,T
9474,14041,3925,T
12519,6253,3926,I
21546,8389,3927,T
10628,7626,3928,I
16548,5278,3929,I
11375,14576,3930,T
10432,15672,3931,T
10855,5579,3932,N
9705,12812,3933,I
11390,17576,3934,N
5220,17335,3935,I
8752,11999,3936,I
10148,6537,3937,N
13731,11292,3938,I
9912,6675,3939,N
3804,18705,3940,I
18689,6494,3941,I
17096,19729,3942,T
11158,18532,3943,N
7558,10505,3944,I
19164,6492,3945,I
15364,5693,3946,I
11164,19623,3947,I
6593,7237,3948,I
10624,6808,3949,I
19930,17260,3950,T
4742,16519,3951,N
7574,13505,3952,T
8514,11864,3953,I
9242,14996,3954,T
10917,17851,3955,N
6427,21283,3956,N
16582,12095,3957,I
11356,10758,3958,I
15853,8690,3959,T
14442,11152,3960,T
15166,13466,3961,I
6594,7510,3962,I
9923,8857,3963,I
17258,4865,3964,I
21310,8526,3965,T
18940,9084,3966,T
15411,14965,3967,I
8081,20047,3968,T
15615,8555,3969,T
10166,10083,3970,I
19423,10717,3971,T
16585,12641,3972,I
18025,15906,3973,T
14203,10744,3974,T
13046,16613,3975,I
14178,5835,3976,I
14484,19333,3977,T
12785,11842,3978,I
9494,17858,3979,N
10451,19490,3980,N
5659,10242,3981,N
21563,11661,3982,T
6132,9967,3983,I
12342,18117,3984,I
6121,7785,3985,I
14907,9240,3986,T
13074,22067,3987,I
6858,12827,3988,I
19670,12762,3989,T
16570,9641,3990,I
10422,13763,3991,T
10197,16082,3992,T
13955,8700,3993,T
17086,17820,3994,T
21105,14936,3995,T
16860,20139,3996,T
20409,18076,3997,T
21059,5937,3998,T
12088,14709,3999,I
16845,17139,4000,T
16789,5958,4001,I
16632,21913,4002,T
5212,15698,4003,N
21332,12890,4004,T
14446,11970,4005,I
15155,11285,4006,I
6669,22236,4007,N
18218,7042,4008,I
6885,18008,4009,T
5457,17197,4010,I
21128,19572,4011,T
5407,7380,4012,I
11887,21937,4013,N
13998,17154,4014,T
18947,10447,4015,T
14257,21380,4016,T
4055,21568,4017,I
9513,21676,4018,I
7813,13913,4019,T
20841,9619,4020,T
4526,20747,4021,N
19951,21351,4022,T
16802,8685,4023,I
10682,18262,4024,N
7794,10095,4025,I
18718,12221,4026,T
10184,13628,4027,T
8967,7498,4028,N
19425,11263,4029,T
9939,12129,4030,I
7352,16642,4031,T
6348,5738,4032,I
9218,10360,4033,I
4718,11883,4034,I
10446,18399,4035,N
11122,11441,4036,I
14008,19063,4037,T
10888,12124,4038,I
20427,21621,4039,T
19240,21491,4040,T
19871,5534,4041,I
14900,7877,4042,T
14964,20422,4043,T
4006,11750,4044,I
17042,9093,4045,I
10627,7353,4046,I
17296,12501,4047,I
12590,20161,4048,I
12777,10206,4049,I
5681,14605,4050,I
16855,19048,4051,T
5658,9969,4052,N
6831,7372,4053,I
4468,9293,4054,I
19161,5946,4055,N
9700,11721,4056,I
7070,7780,4057,I
19442,14535,4058,T
6156,14603,4059,I
12108,18800,4060,I
4477,11202,4061,I
16607,17004,4062,T
9740,19630,4063,N
8539,16772,4064,T
5399,5743,4065,I
15864,10872,4066,I
14445,11697,4067,I
15841,6236,4068,T
13533,19065,4069,T
16798,7867,4070,I
15647,14827,4071,I
5677,13787,4072,I
9989,21947,4073,I
16127,15916,4074,T
5461,18015,4075,I
19890,9352,4076,T
20827,6892,4077,T
9745,20721,4078,I
16854,18776,4079,T
4469,9566,4080,I
16560,7732,4081,T
21063,6755,4082,T
9707,13085,4083,I
21121,18209,4084,T
7059,5598,4085,N
14240,18107,4086,T
8774,16362,4087,T
14690,13196,4088,I
10159,8719,4089,I
13719,8837,4090,T
11377,14849,4091,T
18694,7312,4092,I
7590,16777,4093,T
20608,10575,4094,T
8523,13500,4095,T
18467,9359,4096,I
6645,17600,4097,I
13064,20158,4098,I
20131,10032,4099,T
20348,6077,4100,I
14913,10331,4101,T
8038,11593,4102,I
17756,9499,4103,I
16104,11280,4104,I
6129,9421,4105,I
13946,6791,4106,T
15607,6919,4107,T
6416,19101,4108,I
14020,21517,4109,T
8056,15139,4110,T
16317,6506,4111,I
18739,16312,4112,T
8304,17183,4113,T
14433,9243,4114,T
16576,10732,4115,I
11349,9395,4116,I
9907,5857,4117,I
4761,20337,4118,N
16082,6916,4119,T
11332,6122,4120,I
15390,10874,4121,I
11566,5439,4122,I
9191,4906,4123,I
9275,21541,4124,I
17752,8681,4125,I
13020,11432,4126,I
7296,5461,4127,N
6890,19099,4128,T
15123,5012,4129,I
12276,5027,4130,I
11804,5574,4131,I
11410,21394,4132,N
12770,8842,4133,T
12813,17296,4134,I
5689,16241,4135,I
4043,19113,4136,I
4692,6701,4137,I
10884,11306,4138,I
4026,15841,4139,I
15423,17419,4140,T
7142,21961,4141,N
6875,16099,4142,T
8267,9819,4143,I
9259,18269,4144,I
13960,9518,4145,T
12763,7479,4146,I
13481,8702,4147,T
10873,9124,4148,I
12551,12525,4149,I
10894,13215,4150,I
17503,6364,4151,I
13950,7609,4152,T
10892,12942,4153,I
18723,13039,4154,T
8285,13365,4155,T
20890,19437,4156,T
11346,8849,4157,I
15131,6648,4158,T
11334,6395,4159,I
19003,21628,4160,T
17025,5821,4161,I
4293,21703,4162,I
4953,11473,4163,I
5907,12286,4164,I
11594,10894,4165,I
18981,17265,4166,T
12599,22070,4167,I
7847,20730,4168,T
7377,21551,4169,I
18950,10993,4170,T
7065,6689,4171,I
7294,5188,4172,N
18972,15356,4173,T
14423,7334,4174,T
13309,21657,4175,I
12752,5297,4176,I
21592,17388,4177,T
7073,8326,4178,I
20426,21348,4179,T
12362,21935,4180,N
11581,8439,4181,I
19674,13580,4182,T
18963,13720,4183,T
4941,9018,4184,I
11144,15805,4185,I
13771,19200,4186,T
12060,9255,4187,I
14214,12926,4188,I
18046,19997,4189,T
19158,5401,4190,N
7580,14868,4191,T
12597,21524,4192,I
13012,9795,4193,T
4964,13654,4194,I
7078,9416,4195,I
4506,16929,4196,I
13286,17021,4197,I
16351,13324,4198,I
17022,5275,4199,I
7796,10640,4200,I
17068,14275,4201,T
19919,15078,4202,T
14459,14424,4203,I
13995,16608,4204,T
10407,10763,4205,I
20594,7848,4206,T
14658,6924,4207,T
16367,16324,4208,T
9982,20583,4209,I
19683,15216,4210,T
13295,18930,4211,I
9679,7631,4212,I
9953,14856,4213,T
7074,8598,4214,I
20366,9622,4215,T
9956,15402,4216,T
4448,5475,4217,I
10386,6672,4218,N
4527,21020,4219,N
17274,8138,4220,I
6355,7102,4221,I
14730,21105,4222,T
18497,15358,4223,T
10674,16625,4224,I
14705,16196,4225,T
12339,17571,4226,N
7120,17598,4227,T
21582,15479,4228,T
20152,14123,4229,T
17520,9909,4230,I
19655,9762,4231,T
10423,14036,4232,T
17995,9907,4233,T
6597,8055,4234,I
6125,8603,4235,I
4725,13246,4236,I
7372,20460,4237,T
13297,19203,4238,I
12331,15935,4239,I
13300,19748,4240,I
13301,20021,4241,I
8990,12134,4242,I
6822,5736,4243,N
19467,19444,4244,T
12775,9933,4245,I
11592,10621,4246,I
4215,6158,4247,I
7809,13094,4248,T
19454,16990,4249,T
10172,11173,4250,I
13536,19611,4251,I
16123,15098,4252,T
13547,21792,4253,T
8040,11866,4254,I
15398,12511,4255,I
4230,9158,4256,I
8269,10365,4257,I
20376,11531,4258,T
13972,11972,4259,I
11094,5987,4260,I
18034,17542,4261,T
16827,13594,4262,I
20146,13032,4263,T
16870,22048,4264,T
12512,4889,4265,I
16324,7870,4266,T
7129,19507,4267,T
8044,12684,4268,I
15628,11009,4269,I
14015,20426,4270,T
14229,15925,4271,T
17561,17818,4272,T
4289,20885,4273,N
15182,16739,4274,T
5878,6559,4275,I
6124,8330,4276,I
8322,20728,4277,T
10656,13080,4278,I
12990,5432,4279,I
9725,16630,4280,T
19428,11808,4281,T
8518,12682,4282,T
6157,14875,4283,I
6149,13239,4284,I
13520,16338,4285,T
19174,8401,4286,T
15907,19326,4287,T
5945,19922,4288,N
13259,11840,4289,I
15622,9919,4290,T
4495,14748,4291,I
19937,18624,4292,T
13958,9245,4293,T
16829,13867,4294,T
18956,12356,4295,T
9665,4903,4296,N
18483,12631,4297,T
5634,5333,4298,I
8301,16637,4299,T
12317,13208,4300,I
18039,18633,4301,T
18012,13179,4302,T
5471,19924,4303,I
4760,20064,4304,N
8971,8316,4305,I
12576,17434,4306,I
6637,15964,4307,I
8045,12957,4308,T
8730,7635,4309,N
9503,19767,4310,I
8085,20865,4311,T
18002,11270,4312,T
4995,19654,4313,N
17094,19456,4314,T
5478,21288,4315,I
12075,12255,4316,I
20399,16167,4317,T
4724,12974,4318,I
8483,5591,4319,I
10199,16628,4320,I
5710,20332,4321,N
21584,15752,4322,T
15156,11557,4323,I
8507,10500,4324,I
18967,14538,4325,T
16086,7734,4326,T
4465,8748,4327,I
13746,14292,4328,I
12558,13889,4329,I
9938,11856,4330,I
14965,20694,4331,T
9490,17040,4332,T
16364,15778,4333,T
15409,14692,4334,I
4978,16381,4335,N
18463,8541,4336,I
17526,11000,4337,I
13304,20566,4338,I
7063,6417,4339,I
7820,15276,4340,T
8785,18544,4341,T
5004,21563,4342,N
6127,8876,4343,I
14186,7471,4344,T
5213,15971,4345,N
6856,12281,4346,I
16079,6371,4347,I
7568,12414,4348,I
14437,10061,4349,T
5238,20880,4350,N
19438,13717,4351,T
6377,11465,4352,I
19659,10580,4353,T
5642,6969,4354,I
19410,8263,4355,T
20383,12894,4356,T
8092,22229,4357,I
20175,18759,4358,T
13067,20704,4359,I
14666,8560,4360,T
5198,12971,4361,I
4967,14200,4362,N
15633,12100,4363,I
20641,17120,4364,T
21131,20118,4365,T
13070,21249,4366,I
8326,21546,4367,I
12106,18254,4368,I
9505,20040,4369,I
20868,15074,4370,T
17577,21090,4371,T
9437,6677,4372,N
9278,22087,4373,I
15159,12103,4374,I
8766,14726,4375,T
5894,9832,4376,N
8964,6952,4377,N
4037,18022,4378,N
19006,22174,4379,T
11879,20301,4380,I
19239,21218,4381,T
17283,9774,4382,I
12323,14299,4383,I
8009,5866,4384,N
21314,9344,4385,T
4504,16384,4386,N
19876,6624,4387,T
20137,11123,4388,T
17980,6907,4389,I
11354,10486,4390,I
11628,17711,4391,N
10173,11446,4392,I
9192,5179,4393,I
5644,7242,4394,I
5685,15423,4395,I
13485,9520,4396,T
5649,8333,4397,I
8254,7365,4398,N
18699,8403,4399,I
5918,14468,4400,I
20632,15211,4401,T
10452,19763,4402,N
11393,18122,4403,N
5467,19106,4404,I
21095,13027,4405,T
17810,20134,4406,T
5920,15013,4407,I
8279,12274,4408,I
19405,7172,4409,I
17302,13592,4410,T
15855,8963,4411,T
11876,19755,4412,I
15598,5010,4413,I
10168,10355,4414,I
18728,14130,4415,T
13705,6110,4416,I
15835,5145,4417,I
18735,15494,4418,T
17028,6366,4419,I
13312,22203,4420,T
9016,17315,4421,T
14734,21923,4422,T
10688,19352,4423,N
20108,5396,4424,I
13727,10474,4425,T
9510,21131,4426,I
11858,16210,4427,N
19910,13169,4428,T
14931,13877,4429,I
20105,4851,4430,I
6347,5466,4431,I
11147,16350,4432,N
14177,5562,4433,I
8985,11043,4434,I
5429,11743,4435,I
7579,14596,4436,T
18290,21223,4437,T
14893,6513,4438,T
5464,18561,4439,I
5209,15153,4440,N
9508,20586,4441,I
10637,9262,4442,I
20633,15484,4443,T
19645,7853,4444,T
9026,19224,4445,I
7817,14731,4446,T
21057,5391,4447,T
8488,6682,4448,N
5682,14878,4449,I
11886,21664,4450,N
9032,20315,4451,I
19630,4853,4452,N
14243,18653,4453,T
4704,9156,4454,I
20886,18619,4455,T
13479,8429,4456,T
6378,11738,4457,I
10434,16217,4458,I
4981,16927,4459,I
17328,18773,4460,T
18469,9904,4461,T
7565,11868,4462,I
4248,12703,4463,I
10418,12945,4464,I
6190,21421,4465,N
18005,11816,4466,T
7333,12824,4467,I
9005,15134,4468,T
17981,7179,4469,I
9450,9132,4470,I
8067,17320,4471,T
13004,8159,4472,T
11395,18394,4473,N
7322,10642,4474,I
9025,18952,4475,I
17543,14272,4476,T
5942,19376,4477,N
11112,9532,4478,I
4508,17202,4479,I
18452,6359,4480,I
14682,11560,4481,I
11403,20031,4482,I
11360,11576,4483,I
13528,17974,4484,T
13749,14837,4485,I
7776,6549,4486,N
15640,13464,4487,I
17789,16044,4488,T
7084,10507,4489,I
14680,11287,4490,I
21364,19162,4491,T
14202,10471,4492,T
6417,19374,4493,I
8073,18411,4494,T
21359,18344,4495,T
21550,9207,4496,T
8499,8864,4497,I
10692,20170,4498,I
12298,9390,4499,I
14411,4879,4500,I
17082,17002,4501,T
4054,21295,4502,N
17992,9361,4503,I
11396,18667,4504,N
14435,9788,4505,T
8489,6955,4506,N
4497,15020,4507,N
17769,12226,4508,T
4459,7657,4509,I
12312,12117,4510,I
9472,13495,4511,T
3805,18978,4512,I
6409,17738,4513,I
15387,10329,4514,T
15672,19736,4515,T
9741,19903,4516,N
14255,21107,4517,T
8525,14045,4518,T
13031,13613,4519,N
9729,17448,4520,N
12306,11026,4521,I
4977,16109,4522,N
9502,19495,4523,N
14213,12653,4524,I
6865,14190,4525,I
16313,5688,4526,I
18919,4993,4527,N
11599,11984,4528,I
8059,15684,4529,T
6380,12011,4530,I
12304,10481,4531,I
4955,11745,4532,I
12326,14844,4533,I
20174,18486,4534,T
16349,12778,4535,I
19208,15218,4536,T
4755,19246,4537,N
14440,10606,4538,T
16331,9233,4539,T
12826,20023,4540,I
20403,16985,4541,T
9748,21266,4542,I
4998,20199,4543,N
7140,21688,4544,N
7803,12004,4545,I
8738,9272,4546,I
14704,15923,4547,T
15178,15921,4548,T
12524,7071,4549,I
21109,15754,4550,T
6363,8738,4551,I
17746,7590,4552,I
21535,6207,4553,T
14253,20562,4554,T
8260,8456,4555,I
14217,13471,4556,I
16129,16189,4557,T
6118,7240,4558,I
12995,6523,4559,I
13964,10336,4560,T
8296,15546,4561,T
15151,10466,4562,T
11641,20166,4563,I
5940,18831,4564,I
20875,16437,4565,T
15638,12918,4566,I
9011,16225,4567,T
5397,5471,4568,I
9247,16087,4569,T
17779,14135,4570,T
5944,19649,4571,N
16865,20957,4572,T
17313,15773,4573,T
12994,6250,4574,I
8023,8593,4575,I
4940,8745,4576,I
19477,21353,4577,T
7082,10235,4578,I
7601,18959,4579,T
11839,12392,4580,I
16371,17142,4581,T
17739,6226,4582,I
19200,13582,4583,T
14415,5698,4584,I
6135,10512,4585,I
10208,18264,4586,N
21574,13843,4587,T
4217,6704,4588,I
8732,7908,4589,I
11352,9940,4590,I
19702,19034,4591,T
4713,10792,4592,I
8545,17863,4593,T
17551,15909,4594,T
8536,16227,4595,T
10144,5719,4596,N
19205,14673,4597,T
20420,20258,4598,T
18052,21088,4599,T
15627,10737,4600,I
14925,12786,4601,I
11165,19895,4602,I
12782,11297,4603,I
9917,7766,4604,I
8084,20593,4605,T
7594,17595,4606,T
7338,13915,4607,T
14903,8422,4608,T
14470,16606,4609,T
12761,7206,4610,I
15662,17827,4611,T
8275,11456,4612,I
8780,17453,4613,T
10459,21126,4614,N
8969,8043,4615,I
19398,5809,4616,N
6360,8193,4617,I
7841,19367,4618,T
17522,10182,4619,I
10905,15397,4620,T
18049,20542,4621,T
21528,4843,4622,T
11361,11849,4623,I
14729,20832,4624,T
12533,8980,4625,I
14430,8697,4626,T
13764,17837,4627,T
18476,11268,4628,T
8987,11589,4629,I
15187,17557,4630,T
5447,15288,4631,N
13005,8432,4632,T
13521,16611,4633,T
14189,8017,4634,T
16336,10324,4635,T
13760,17019,4636,T
13706,6383,4637,I
12281,6117,4638,I
4945,9836,4639,I
3977,6023,4640,I
12518,5980,4641,I
9674,6540,4642,N
10195,15810,4643,T
19932,17533,4644,T
8979,9952,4645,I
14712,17559,4646,T
9730,17721,4647,N
19908,12897,4648,T
13510,14429,4649,I
8289,14183,4650,T
13051,17431,4651,I
13708,6656,4652,T
16142,18916,4653,T
11865,17574,4654,N
18045,19724,4655,T
18003,11543,4656,T
5890,9013,4657,I
19703,19307,4658,T
19409,7990,4659,T
21306,7708,4660,T
8564,21681,4661,I
19648,8398,4662,T
21350,16435,4663,T
15891,16053,4664,T
9265,19632,4665,I
15419,16601,4666,T
6602,9146,4667,I
19661,10853,4668,T
4039,18295,4669,I
19170,7583,4670,I
8517,12409,4671,I
7816,14458,4672,T
11137,14441,4673,T
8553,19500,4674,T
5191,11608,4675,I
15193,18920,4676,T
13055,18250,4677,I
15375,7874,4678,T
16574,10459,4679,I
5215,16244,4680,N
14700,15105,4681,I
5678,14060,4682,I
7343,14733,4683,T
20845,10438,4684,T
7366,19369,4685,T
7087,11053,4686,I
11568,5712,4687,I
18691,6767,4688,I
8778,17180,4689,T
19436,13445,4690,T
9942,12675,4691,I
15372,7329,4692,T
10412,11854,4693,I
6820,5191,4694,N
11096,6260,4695,I
14702,15650,4696,T
4686,5610,4697,I
12514,5162,4698,I
15906,19053,4699,T
14239,17834,4700,T
9697,11176,4701,I
11613,14711,4702,I
6143,12148,4703,I
8527,14318,4704,T
21113,16572,4705,T
16571,9914,4706,I
13540,20429,4707,I
19641,7035,4708,T
17532,12091,4709,I
17581,21908,4710,T
7576,14050,4711,T
15191,18375,4712,T
8954,5043,4713,I
18229,9224,4714,I
16592,14004,4715,T
15407,14147,4716,I
8538,16500,4717,T
8997,13497,4718,T
8327,21819,4719,I
21358,18071,4720,T
10649,11716,4721,I
17079,16456,4722,T
17562,18090,4723,T
14005,18517,4724,T
20639,16575,4725,T
4973,15291,4726,N
