,edge,gene1,gene2,q_value,scg
0,0-1,0,1,0.0,False
1,0-2,0,2,0.0,False
2,0-3,0,3,0.0,False
3,0-4,0,4,0.0,False
4,0-5,0,5,0.0,False
5,0-6,0,6,0.0,False
6,0-7,0,7,0.0,False
7,0-8,0,8,0.0,False
8,0-9,0,9,0.0,False
9,0-10,0,10,0.0,False
10,0-11,0,11,0.0,False
11,0-12,0,12,0.0,False
12,0-13,0,13,0.0,False
13,0-14,0,14,0.0,False
14,0-15,0,15,0.0,False
15,0-16,0,16,0.0,False
16,0-17,0,17,0.0,False
17,0-18,0,18,0.0,False
18,0-19,0,19,0.0,False
19,0-20,0,20,0.0,False
20,0-21,0,21,0.0,False
21,0-22,0,22,0.0,False
22,0-23,0,23,0.0,False
23,0-24,0,24,0.0,False
24,0-25,0,25,0.0,False
25,0-26,0,26,0.0,False
26,0-27,0,27,0.0,False
27,0-28,0,28,0.0,False
28,0-29,0,29,0.0,False
29,0-30,0,30,0.0,False
30,0-31,0,31,0.0,False
31,0-32,0,32,0.0,False
32,0-33,0,33,0.0,False
33,0-34,0,34,0.0,False
34,0-35,0,35,0.0,False
35,0-36,0,36,0.0,False
36,0-37,0,37,0.0,False
37,0-38,0,38,0.0,False
38,0-39,0,39,0.0,False
39,0-40,0,40,0.0,False
40,0-41,0,41,0.0,False
41,0-42,0,42,0.0,False
42,0-43,0,43,0.0,False
43,0-44,0,44,0.0,False
44,0-45,0,45,0.0,False
45,0-46,0,46,0.0,False
46,0-47,0,47,0.0,False
47,0-48,0,48,0.0,False
48,0-49,0,49,0.0,False
49,0-50,0,50,0.0,False
50,1-2,1,2,0.0,False
51,1-3,1,3,0.0,False
52,1-4,1,4,0.0,False
53,1-5,1,5,0.0,False
54,1-6,1,6,0.0,False
55,1-7,1,7,0.0,False
56,1-8,1,8,0.0,False
57,1-9,1,9,0.0,False
58,1-10,1,10,0.0,False
59,1-11,1,11,0.0,False
60,1-12,1,12,0.0,False
61,1-13,1,13,0.0,False
62,1-14,1,14,0.0,False
63,1-15,1,15,0.0,False
64,1-16,1,16,0.0,False
65,1-17,1,17,0.0,False
66,1-18,1,18,0.0040000000000000036,False
67,1-19,1,19,0.0,False
68,1-20,1,20,0.0,False
69,1-21,1,21,0.0,False
70,1-22,1,22,0.0,False
71,1-23,1,23,0.0,False
72,1-24,1,24,0.0,False
73,1-25,1,25,0.0,False
74,1-26,1,26,0.0,False
75,1-27,1,27,0.0,False
76,1-28,1,28,0.0,False
77,1-29,1,29,0.0,False
78,1-30,1,30,0.0,False
79,1-31,1,31,0.0,False
80,1-32,1,32,0.0,False
81,1-33,1,33,0.0,False
82,1-34,1,34,0.0,False
83,1-35,1,35,0.0,False
84,1-36,1,36,0.0,False
85,1-37,1,37,0.0,False
86,1-38,1,38,0.0,False
87,1-39,1,39,0.0,False
88,1-40,1,40,0.0,False
89,1-41,1,41,0.0,False
90,1-42,1,42,0.0,False
91,1-43,1,43,0.0,False
92,1-44,1,44,0.0,False
93,1-45,1,45,0.0,False
94,1-46,1,46,0.0,False
95,1-47,1,47,0.0,False
96,1-48,1,48,0.0,False
97,1-49,1,49,0.0,False
98,1-50,1,50,0.0,False
99,2-3,2,3,0.0020000000000000018,False
100,2-4,2,4,0.904,True
101,2-5,2,5,0.0040000000000000036,False
102,2-6,2,6,0.0,False
103,2-7,2,7,0.0,False
104,2-8,2,8,0.0,False
105,2-9,2,9,0.0,False
106,2-10,2,10,0.0,False
107,2-11,2,11,0.964,True
108,2-12,2,12,0.0,False
109,2-13,2,13,0.0,False
110,2-14,2,14,0.0,False
111,2-15,2,15,0.0,False
112,2-16,2,16,0.0,False
113,2-17,2,17,1.0,True
114,2-18,2,18,1.0,True
115,2-19,2,19,0.0,False
116,2-20,2,20,0.0,False
117,2-21,2,21,0.0,False
118,2-22,2,22,0.0020000000000000018,False
119,2-23,2,23,0.0,False
120,2-24,2,24,0.0,False
121,2-25,2,25,0.0020000000000000018,False
122,2-26,2,26,0.0,False
123,2-27,2,27,0.0,False
124,2-28,2,28,0.0,False
125,2-29,2,29,0.0,False
126,2-30,2,30,0.0,False
127,2-31,2,31,0.0,False
128,2-32,2,32,0.0,False
129,2-33,2,33,0.07399999999999995,False
130,2-34,2,34,0.0,False
131,2-35,2,35,0.0,False
132,2-36,2,36,0.0,False
133,2-37,2,37,0.0,False
134,2-38,2,38,0.0,False
135,2-39,2,39,0.708,True
136,2-40,2,40,0.20799999999999996,False
137,2-41,2,41,0.0,False
138,2-42,2,42,0.0,False
139,2-43,2,43,0.0,False
140,2-44,2,44,0.0,False
141,2-45,2,45,0.0,False
142,2-46,2,46,0.0,False
143,2-47,2,47,0.0,False
144,2-48,2,48,0.0,False
145,2-49,2,49,1.0,True
146,2-50,2,50,0.0,False
147,3-4,3,4,0.994,True
148,3-5,3,5,0.014000000000000012,False
149,3-6,3,6,0.0,False
150,3-7,3,7,0.0,False
151,3-8,3,8,0.0,False
152,3-9,3,9,0.0,False
153,3-10,3,10,0.0,False
154,3-11,3,11,0.996,True
155,3-12,3,12,0.0,False
156,3-13,3,13,0.0,False
157,3-14,3,14,0.0,False
158,3-15,3,15,0.0,False
159,3-16,3,16,0.0,False
160,3-17,3,17,1.0,True
161,3-18,3,18,1.0,True
162,3-19,3,19,0.0,False
163,3-20,3,20,0.0020000000000000018,False
164,3-21,3,21,0.0,False
165,3-22,3,22,0.03600000000000003,False
166,3-23,3,23,0.0,False
167,3-24,3,24,0.0,False
168,3-25,3,25,0.008000000000000007,False
169,3-26,3,26,0.0,False
170,3-27,3,27,0.0,False
171,3-28,3,28,0.0,False
172,3-29,3,29,0.0,False
173,3-30,3,30,0.0,False
174,3-31,3,31,0.0,False
175,3-32,3,32,0.0,False
176,3-33,3,33,0.238,False
177,3-34,3,34,0.010000000000000009,False
178,3-35,3,35,0.0,False
179,3-36,3,36,0.0,False
180,3-37,3,37,0.0,False
181,3-38,3,38,0.0,False
182,3-39,3,39,0.938,True
183,3-40,3,40,0.514,True
184,3-41,3,41,0.0020000000000000018,False
185,3-42,3,42,0.0,False
186,3-43,3,43,0.0,False
187,3-44,3,44,0.0,False
188,3-45,3,45,0.0,False
189,3-46,3,46,0.0,False
190,3-47,3,47,0.0,False
191,3-48,3,48,0.0,False
192,3-49,3,49,1.0,True
193,3-50,3,50,0.0,False
194,4-5,4,5,0.984,True
195,4-6,4,6,0.0,False
196,4-7,4,7,0.028000000000000025,False
197,4-8,4,8,0.0020000000000000018,False
198,4-9,4,9,0.0,False
199,4-10,4,10,0.0,False
200,4-11,4,11,1.0,True
201,4-12,4,12,0.0,False
202,4-13,4,13,0.0,False
203,4-14,4,14,0.0,False
204,4-15,4,15,0.20599999999999996,False
205,4-16,4,16,0.040000000000000036,False
206,4-17,4,17,1.0,True
207,4-18,4,18,1.0,True
208,4-19,4,19,0.0,False
209,4-20,4,20,0.89,True
210,4-21,4,21,0.0,False
211,4-22,4,22,1.0,True
212,4-23,4,23,0.242,False
213,4-24,4,24,0.0,False
214,4-25,4,25,0.968,True
215,4-26,4,26,0.14200000000000002,False
216,4-27,4,27,0.10999999999999999,False
217,4-28,4,28,0.0,False
218,4-29,4,29,0.0,False
219,4-30,4,30,0.782,True
220,4-31,4,31,0.0,False
221,4-32,4,32,0.0,False
222,4-33,4,33,1.0,True
223,4-34,4,34,0.944,True
224,4-35,4,35,0.652,True
225,4-36,4,36,0.0,False
226,4-37,4,37,0.0,False
227,4-38,4,38,0.0,False
228,4-39,4,39,1.0,True
229,4-40,4,40,1.0,True
230,4-41,4,41,0.904,True
231,4-42,4,42,0.0,False
232,4-43,4,43,0.0,False
233,4-44,4,44,0.04200000000000004,False
234,4-45,4,45,0.0,False
235,4-46,4,46,0.0,False
236,4-47,4,47,0.0,False
237,4-48,4,48,0.0,False
238,4-49,4,49,1.0,True
239,4-50,4,50,0.0020000000000000018,False
240,5-6,5,6,0.0,False
241,5-7,5,7,0.0,False
242,5-8,5,8,0.0,False
243,5-9,5,9,0.0,False
244,5-10,5,10,0.0,False
245,5-11,5,11,0.996,True
246,5-12,5,12,0.0,False
247,5-13,5,13,0.0,False
248,5-14,5,14,0.0,False
249,5-15,5,15,0.0,False
250,5-16,5,16,0.0,False
251,5-17,5,17,1.0,True
252,5-18,5,18,1.0,True
253,5-19,5,19,0.0,False
254,5-20,5,20,0.0,False
255,5-21,5,21,0.0,False
256,5-22,5,22,0.02400000000000002,False
257,5-23,5,23,0.0,False
258,5-24,5,24,0.0,False
259,5-25,5,25,0.0,False
260,5-26,5,26,0.0,False
261,5-27,5,27,0.0,False
262,5-28,5,28,0.0,False
263,5-29,5,29,0.0,False
264,5-30,5,30,0.0,False
265,5-31,5,31,0.0,False
266,5-32,5,32,0.0,False
267,5-33,5,33,0.18400000000000005,False
268,5-34,5,34,0.0020000000000000018,False
269,5-35,5,35,0.0,False
270,5-36,5,36,0.0,False
271,5-37,5,37,0.0,False
272,5-38,5,38,0.0,False
273,5-39,5,39,0.924,True
274,5-40,5,40,0.472,True
275,5-41,5,41,0.0020000000000000018,False
276,5-42,5,42,0.0,False
277,5-43,5,43,0.0,False
278,5-44,5,44,0.0,False
279,5-45,5,45,0.0,False
280,5-46,5,46,0.0,False
281,5-47,5,47,0.0,False
282,5-48,5,48,0.0,False
283,5-49,5,49,1.0,True
284,5-50,5,50,0.0,False
285,6-7,6,7,0.0,False
286,6-8,6,8,0.0,False
287,6-9,6,9,0.0,False
288,6-10,6,10,0.0,False
289,6-11,6,11,0.0020000000000000018,False
290,6-12,6,12,0.0,False
291,6-13,6,13,0.0,False
292,6-14,6,14,0.0,False
293,6-15,6,15,0.0,False
294,6-16,6,16,0.0,False
295,6-17,6,17,0.04600000000000004,False
296,6-18,6,18,0.902,True
297,6-19,6,19,0.0,False
298,6-20,6,20,0.11199999999999999,False
299,6-21,6,21,0.0,False
300,6-22,6,22,0.0,False
301,6-23,6,23,0.0,False
302,6-24,6,24,0.0,False
303,6-25,6,25,0.0,False
304,6-26,6,26,0.0,False
305,6-27,6,27,0.0,False
306,6-28,6,28,0.0,False
307,6-29,6,29,0.0,False
308,6-30,6,30,0.952,True
309,6-31,6,31,0.0,False
310,6-32,6,32,0.0,False
311,6-33,6,33,0.0,False
312,6-34,6,34,0.0,False
313,6-35,6,35,0.0,False
314,6-36,6,36,0.0,False
315,6-37,6,37,0.0,False
316,6-38,6,38,0.0,False
317,6-39,6,39,1.0,True
318,6-40,6,40,0.502,True
319,6-41,6,41,0.0,False
320,6-42,6,42,0.0,False
321,6-43,6,43,0.0,False
322,6-44,6,44,0.866,True
323,6-45,6,45,0.0,False
324,6-46,6,46,0.0,False
325,6-47,6,47,0.0,False
326,6-48,6,48,0.0,False
327,6-49,6,49,0.18600000000000005,False
328,6-50,6,50,0.0,False
329,7-8,7,8,0.0,False
330,7-9,7,9,0.0,False
331,7-10,7,10,0.0,False
332,7-11,7,11,0.06799999999999995,False
333,7-12,7,12,0.0,False
334,7-13,7,13,0.0,False
335,7-14,7,14,0.0,False
336,7-15,7,15,0.0,False
337,7-16,7,16,0.0,False
338,7-17,7,17,0.726,True
339,7-18,7,18,0.95,True
340,7-19,7,19,0.0,False
341,7-20,7,20,0.0,False
342,7-21,7,21,0.0,False
343,7-22,7,22,0.0,False
344,7-23,7,23,0.0,False
345,7-24,7,24,0.0,False
346,7-25,7,25,0.0,False
347,7-26,7,26,0.0,False
348,7-27,7,27,0.0,False
349,7-28,7,28,0.0,False
350,7-29,7,29,0.0,False
351,7-30,7,30,0.0,False
352,7-31,7,31,0.0,False
353,7-32,7,32,0.0,False
354,7-33,7,33,0.0,False
355,7-34,7,34,0.0,False
356,7-35,7,35,0.0,False
357,7-36,7,36,0.0,False
358,7-37,7,37,0.0,False
359,7-38,7,38,0.0,False
360,7-39,7,39,0.06000000000000005,False
361,7-40,7,40,0.0,False
362,7-41,7,41,0.0,False
363,7-42,7,42,0.0,False
364,7-43,7,43,0.0,False
365,7-44,7,44,0.0,False
366,7-45,7,45,0.0,False
367,7-46,7,46,0.0,False
368,7-47,7,47,0.0,False
369,7-48,7,48,0.0,False
370,7-49,7,49,0.72,True
371,7-50,7,50,0.0,False
372,8-9,8,9,0.0,False
373,8-10,8,10,0.0,False
374,8-11,8,11,0.04600000000000004,False
375,8-12,8,12,0.0,False
376,8-13,8,13,0.0,False
377,8-14,8,14,0.0,False
378,8-15,8,15,0.0,False
379,8-16,8,16,0.0,False
380,8-17,8,17,0.46799999999999997,True
381,8-18,8,18,0.9319999999999999,True
382,8-19,8,19,0.0,False
383,8-20,8,20,0.0020000000000000018,False
384,8-21,8,21,0.0,False
385,8-22,8,22,0.0,False
386,8-23,8,23,0.0,False
387,8-24,8,24,0.0,False
388,8-25,8,25,0.0,False
389,8-26,8,26,0.0,False
390,8-27,8,27,0.0,False
391,8-28,8,28,0.0,False
392,8-29,8,29,0.0,False
393,8-30,8,30,0.33599999999999997,True
394,8-31,8,31,0.0,False
395,8-32,8,32,0.0,False
396,8-33,8,33,0.0,False
397,8-34,8,34,0.0,False
398,8-35,8,35,0.0,False
399,8-36,8,36,0.0,False
400,8-37,8,37,0.0,False
401,8-38,8,38,0.0,False
402,8-39,8,39,0.982,True
403,8-40,8,40,0.11599999999999999,False
404,8-41,8,41,0.0,False
405,8-42,8,42,0.0,False
406,8-43,8,43,0.0,False
407,8-44,8,44,0.14200000000000002,False
408,8-45,8,45,0.0,False
409,8-46,8,46,0.0,False
410,8-47,8,47,0.0,False
411,8-48,8,48,0.0,False
412,8-49,8,49,0.542,True
413,8-50,8,50,0.0,False
414,9-10,9,10,0.0,False
415,9-11,9,11,0.0,False
416,9-12,9,12,0.0,False
417,9-13,9,13,0.0,False
418,9-14,9,14,0.0,False
419,9-15,9,15,0.0,False
420,9-16,9,16,0.0,False
421,9-17,9,17,0.0,False
422,9-18,9,18,0.0,False
423,9-19,9,19,0.0,False
424,9-20,9,20,0.0,False
425,9-21,9,21,0.0,False
426,9-22,9,22,0.0,False
427,9-23,9,23,0.0,False
428,9-24,9,24,0.0,False
429,9-25,9,25,0.0,False
430,9-26,9,26,0.0,False
431,9-27,9,27,0.0,False
432,9-28,9,28,0.0,False
433,9-29,9,29,0.0,False
434,9-30,9,30,0.0,False
435,9-31,9,31,0.0,False
436,9-32,9,32,0.0,False
437,9-33,9,33,0.0,False
438,9-34,9,34,0.0,False
439,9-35,9,35,0.0,False
440,9-36,9,36,0.0,False
441,9-37,9,37,0.0,False
442,9-38,9,38,0.0,False
443,9-39,9,39,0.0,False
444,9-40,9,40,0.0,False
445,9-41,9,41,0.0,False
446,9-42,9,42,0.0,False
447,9-43,9,43,0.0,False
448,9-44,9,44,0.0,False
449,9-45,9,45,0.0,False
450,9-46,9,46,0.0,False
451,9-47,9,47,0.0,False
452,9-48,9,48,0.0,False
453,9-49,9,49,0.0,False
454,9-50,9,50,0.0,False
455,10-11,10,11,0.0,False
456,10-12,10,12,0.0,False
457,10-13,10,13,0.0,False
458,10-14,10,14,0.0,False
459,10-15,10,15,0.0,False
460,10-16,10,16,0.0,False
461,10-17,10,17,0.03200000000000003,False
462,10-18,10,18,0.274,False
463,10-19,10,19,0.0,False
464,10-20,10,20,0.0,False
465,10-21,10,21,0.0,False
466,10-22,10,22,0.0,False
467,10-23,10,23,0.0,False
468,10-24,10,24,0.0,False
469,10-25,10,25,0.0,False
470,10-26,10,26,0.0,False
471,10-27,10,27,0.0,False
472,10-28,10,28,0.0,False
473,10-29,10,29,0.0,False
474,10-30,10,30,0.0,False
475,10-31,10,31,0.0,False
476,10-32,10,32,0.0,False
477,10-33,10,33,0.0,False
478,10-34,10,34,0.0,False
479,10-35,10,35,0.0,False
480,10-36,10,36,0.0,False
481,10-37,10,37,0.0,False
482,10-38,10,38,0.0,False
483,10-39,10,39,0.0,False
484,10-40,10,40,0.0,False
485,10-41,10,41,0.0,False
486,10-42,10,42,0.0,False
487,10-43,10,43,0.0,False
488,10-44,10,44,0.0,False
489,10-45,10,45,0.0,False
490,10-46,10,46,0.0,False
491,10-47,10,47,0.0,False
492,10-48,10,48,0.0,False
493,10-49,10,49,0.03200000000000003,False
494,10-50,10,50,0.0,False
495,11-12,11,12,0.0,False
496,11-13,11,13,0.0,False
497,11-14,11,14,0.0,False
498,11-15,11,15,0.32999999999999996,False
499,11-16,11,16,0.18600000000000005,False
500,11-17,11,17,1.0,True
501,11-18,11,18,1.0,True
502,11-19,11,19,0.0,False
503,11-20,11,20,0.984,True
504,11-21,11,21,0.0,False
505,11-22,11,22,1.0,True
506,11-23,11,23,0.43999999999999995,True
507,11-24,11,24,0.014000000000000012,False
508,11-25,11,25,0.992,True
509,11-26,11,26,0.21399999999999997,False
510,11-27,11,27,0.20399999999999996,False
511,11-28,11,28,0.0,False
512,11-29,11,29,0.0,False
513,11-30,11,30,0.998,True
514,11-31,11,31,0.0,False
515,11-32,11,32,0.0,False
516,11-33,11,33,1.0,True
517,11-34,11,34,0.986,True
518,11-35,11,35,0.806,True
519,11-36,11,36,0.0,False
520,11-37,11,37,0.0,False
521,11-38,11,38,0.0,False
522,11-39,11,39,1.0,True
523,11-40,11,40,1.0,True
524,11-41,11,41,0.95,True
525,11-42,11,42,0.0,False
526,11-43,11,43,0.0,False
527,11-44,11,44,0.652,True
528,11-45,11,45,0.0,False
529,11-46,11,46,0.0,False
530,11-47,11,47,0.0,False
531,11-48,11,48,0.0,False
532,11-49,11,49,1.0,True
533,11-50,11,50,0.0040000000000000036,False
534,12-13,12,13,0.0,False
535,12-14,12,14,0.0,False
536,12-15,12,15,0.0,False
537,12-16,12,16,0.0,False
538,12-17,12,17,0.0040000000000000036,False
539,12-18,12,18,0.09199999999999997,False
540,12-19,12,19,0.0,False
541,12-20,12,20,0.0,False
542,12-21,12,21,0.0,False
543,12-22,12,22,0.0,False
544,12-23,12,23,0.0,False
545,12-24,12,24,0.0,False
546,12-25,12,25,0.0,False
547,12-26,12,26,0.0,False
548,12-27,12,27,0.0,False
549,12-28,12,28,0.0,False
550,12-29,12,29,0.0,False
551,12-30,12,30,0.0,False
552,12-31,12,31,0.0,False
553,12-32,12,32,0.0,False
554,12-33,12,33,0.0,False
555,12-34,12,34,0.0,False
556,12-35,12,35,0.0,False
557,12-36,12,36,0.0,False
558,12-37,12,37,0.0,False
559,12-38,12,38,0.0,False
560,12-39,12,39,0.05800000000000005,False
561,12-40,12,40,0.0,False
562,12-41,12,41,0.0,False
563,12-42,12,42,0.0,False
564,12-43,12,43,0.0,False
565,12-44,12,44,0.0,False
566,12-45,12,45,0.0,False
567,12-46,12,46,0.0,False
568,12-47,12,47,0.0,False
569,12-48,12,48,0.0,False
570,12-49,12,49,0.0040000000000000036,False
571,12-50,12,50,0.0,False
572,13-14,13,14,0.0,False
573,13-15,13,15,0.0,False
574,13-16,13,16,0.0,False
575,13-17,13,17,0.0,False
576,13-18,13,18,0.0020000000000000018,False
577,13-19,13,19,0.0,False
578,13-20,13,20,0.0,False
579,13-21,13,21,0.0,False
580,13-22,13,22,0.0,False
581,13-23,13,23,0.0,False
582,13-24,13,24,0.0,False
583,13-25,13,25,0.0,False
584,13-26,13,26,0.0,False
585,13-27,13,27,0.0,False
586,13-28,13,28,0.0,False
587,13-29,13,29,0.0,False
588,13-30,13,30,0.0,False
589,13-31,13,31,0.0,False
590,13-32,13,32,0.0,False
591,13-33,13,33,0.0,False
592,13-34,13,34,0.0,False
593,13-35,13,35,0.0,False
594,13-36,13,36,0.0,False
595,13-37,13,37,0.0,False
596,13-38,13,38,0.0,False
597,13-39,13,39,0.0,False
598,13-40,13,40,0.0,False
599,13-41,13,41,0.0,False
600,13-42,13,42,0.0,False
601,13-43,13,43,0.0,False
602,13-44,13,44,0.0,False
603,13-45,13,45,0.0,False
604,13-46,13,46,0.0,False
605,13-47,13,47,0.0,False
606,13-48,13,48,0.0,False
607,13-49,13,49,0.0,False
608,13-50,13,50,0.0,False
609,14-15,14,15,0.0,False
610,14-16,14,16,0.0,False
611,14-17,14,17,0.06799999999999995,False
612,14-18,14,18,0.42600000000000005,True
613,14-19,14,19,0.0,False
614,14-20,14,20,0.0,False
615,14-21,14,21,0.0,False
616,14-22,14,22,0.0,False
617,14-23,14,23,0.0,False
618,14-24,14,24,0.0,False
619,14-25,14,25,0.0,False
620,14-26,14,26,0.0,False
621,14-27,14,27,0.0,False
622,14-28,14,28,0.0,False
623,14-29,14,29,0.0,False
624,14-30,14,30,0.0,False
625,14-31,14,31,0.0,False
626,14-32,14,32,0.0,False
627,14-33,14,33,0.0,False
628,14-34,14,34,0.0,False
629,14-35,14,35,0.0,False
630,14-36,14,36,0.0,False
631,14-37,14,37,0.0,False
632,14-38,14,38,0.0,False
633,14-39,14,39,0.05800000000000005,False
634,14-40,14,40,0.0,False
635,14-41,14,41,0.0,False
636,14-42,14,42,0.0,False
637,14-43,14,43,0.0,False
638,14-44,14,44,0.0,False
639,14-45,14,45,0.0,False
640,14-46,14,46,0.0,False
641,14-47,14,47,0.0,False
642,14-48,14,48,0.0,False
643,14-49,14,49,0.07399999999999995,False
644,14-50,14,50,0.0,False
645,15-16,15,16,0.0,False
646,15-17,15,17,0.97,True
647,15-18,15,18,1.0,True
648,15-19,15,19,0.0,False
649,15-20,15,20,0.0,False
650,15-21,15,21,0.0,False
651,15-22,15,22,0.0,False
652,15-23,15,23,0.0,False
653,15-24,15,24,0.0,False
654,15-25,15,25,0.0,False
655,15-26,15,26,0.0,False
656,15-27,15,27,0.0,False
657,15-28,15,28,0.0,False
658,15-29,15,29,0.0,False
659,15-30,15,30,0.0,False
660,15-31,15,31,0.0,False
661,15-32,15,32,0.0,False
662,15-33,15,33,0.0,False
663,15-34,15,34,0.0,False
664,15-35,15,35,0.0,False
665,15-36,15,36,0.0,False
666,15-37,15,37,0.0,False
667,15-38,15,38,0.0,False
668,15-39,15,39,0.402,True
669,15-40,15,40,0.0040000000000000036,False
670,15-41,15,41,0.0,False
671,15-42,15,42,0.0,False
672,15-43,15,43,0.0,False
673,15-44,15,44,0.0,False
674,15-45,15,45,0.0,False
675,15-46,15,46,0.0,False
676,15-47,15,47,0.0,False
677,15-48,15,48,0.0,False
678,15-49,15,49,0.968,True
679,15-50,15,50,0.0,False
680,16-17,16,17,0.762,True
681,16-18,16,18,0.986,True
682,16-19,16,19,0.0,False
683,16-20,16,20,0.014000000000000012,False
684,16-21,16,21,0.0,False
685,16-22,16,22,0.0,False
686,16-23,16,23,0.0,False
687,16-24,16,24,0.0,False
688,16-25,16,25,0.0,False
689,16-26,16,26,0.0,False
690,16-27,16,27,0.0,False
691,16-28,16,28,0.0,False
692,16-29,16,29,0.0,False
693,16-30,16,30,0.38,True
694,16-31,16,31,0.0,False
695,16-32,16,32,0.0,False
696,16-33,16,33,0.0,False
697,16-34,16,34,0.0,False
698,16-35,16,35,0.0,False
699,16-36,16,36,0.0,False
700,16-37,16,37,0.0,False
701,16-38,16,38,0.0,False
702,16-39,16,39,0.994,True
703,16-40,16,40,0.248,False
704,16-41,16,41,0.0,False
705,16-42,16,42,0.0,False
706,16-43,16,43,0.0,False
707,16-44,16,44,0.15200000000000002,False
708,16-45,16,45,0.0,False
709,16-46,16,46,0.0,False
710,16-47,16,47,0.0,False
711,16-48,16,48,0.0,False
712,16-49,16,49,0.84,True
713,16-50,16,50,0.0,False
714,17-18,17,18,1.0,True
715,17-19,17,19,0.0,False
716,17-20,17,20,1.0,True
717,17-21,17,21,0.01200000000000001,False
718,17-22,17,22,1.0,True
719,17-23,17,23,0.962,True
720,17-24,17,24,0.39,True
721,17-25,17,25,1.0,True
722,17-26,17,26,0.886,True
723,17-27,17,27,0.876,True
724,17-28,17,28,0.0,False
725,17-29,17,29,0.0,False
726,17-30,17,30,1.0,True
727,17-31,17,31,0.0,False
728,17-32,17,32,0.0,False
729,17-33,17,33,1.0,True
730,17-34,17,34,1.0,True
731,17-35,17,35,1.0,True
732,17-36,17,36,0.0,False
733,17-37,17,37,0.0,False
734,17-38,17,38,0.008000000000000007,False
735,17-39,17,39,1.0,True
736,17-40,17,40,1.0,True
737,17-41,17,41,1.0,True
738,17-42,17,42,0.0,False
739,17-43,17,43,0.0,False
740,17-44,17,44,0.978,True
741,17-45,17,45,0.0,False
742,17-46,17,46,0.0,False
743,17-47,17,47,0.006000000000000005,False
744,17-48,17,48,0.0,False
745,17-49,17,49,1.0,True
746,17-50,17,50,0.17400000000000004,False
747,18-19,18,19,0.0020000000000000018,False
748,18-20,18,20,1.0,True
749,18-21,18,21,0.15400000000000003,False
750,18-22,18,22,1.0,True
751,18-23,18,23,1.0,True
752,18-24,18,24,0.81,True
753,18-25,18,25,1.0,True
754,18-26,18,26,0.996,True
755,18-27,18,27,0.992,True
756,18-28,18,28,0.0020000000000000018,False
757,18-29,18,29,0.0,False
758,18-30,18,30,1.0,True
759,18-31,18,31,0.0,False
760,18-32,18,32,0.0020000000000000018,False
761,18-33,18,33,1.0,True
762,18-34,18,34,1.0,True
763,18-35,18,35,1.0,True
764,18-36,18,36,0.0020000000000000018,False
765,18-37,18,37,0.0020000000000000018,False
766,18-38,18,38,0.12,False
767,18-39,18,39,1.0,True
768,18-40,18,40,1.0,True
769,18-41,18,41,1.0,True
770,18-42,18,42,0.0,False
771,18-43,18,43,0.02400000000000002,False
772,18-44,18,44,1.0,True
773,18-45,18,45,0.0,False
774,18-46,18,46,0.008000000000000007,False
775,18-47,18,47,0.09799999999999998,False
776,18-48,18,48,0.0,False
777,18-49,18,49,1.0,True
778,18-50,18,50,0.628,True
779,19-20,19,20,0.0,False
780,19-21,19,21,0.0,False
781,19-22,19,22,0.0,False
782,19-23,19,23,0.0,False
783,19-24,19,24,0.0,False
784,19-25,19,25,0.0,False
785,19-26,19,26,0.0,False
786,19-27,19,27,0.0,False
787,19-28,19,28,0.0,False
788,19-29,19,29,0.0,False
789,19-30,19,30,0.0,False
790,19-31,19,31,0.0,False
791,19-32,19,32,0.0,False
792,19-33,19,33,0.0,False
793,19-34,19,34,0.0,False
794,19-35,19,35,0.0,False
795,19-36,19,36,0.0,False
796,19-37,19,37,0.0,False
797,19-38,19,38,0.0,False
798,19-39,19,39,0.0,False
799,19-40,19,40,0.0,False
800,19-41,19,41,0.0,False
801,19-42,19,42,0.0,False
802,19-43,19,43,0.0,False
803,19-44,19,44,0.0,False
804,19-45,19,45,0.0,False
805,19-46,19,46,0.0,False
806,19-47,19,47,0.0,False
807,19-48,19,48,0.0,False
808,19-49,19,49,0.0,False
809,19-50,19,50,0.0,False
810,20-21,20,21,0.0,False
811,20-22,20,22,0.006000000000000005,False
812,20-23,20,23,0.0,False
813,20-24,20,24,0.0,False
814,20-25,20,25,0.01200000000000001,False
815,20-26,20,26,0.0,False
816,20-27,20,27,0.0,False
817,20-28,20,28,0.0,False
818,20-29,20,29,0.0,False
819,20-30,20,30,0.98,True
820,20-31,20,31,0.0,False
821,20-32,20,32,0.0,False
822,20-33,20,33,0.09399999999999997,False
823,20-34,20,34,0.010000000000000009,False
824,20-35,20,35,0.0,False
825,20-36,20,36,0.0,False
826,20-37,20,37,0.0,False
827,20-38,20,38,0.0,False
828,20-39,20,39,1.0,True
829,20-40,20,40,0.982,True
830,20-41,20,41,0.0,False
831,20-42,20,42,0.0,False
832,20-43,20,43,0.0,False
833,20-44,20,44,0.906,True
834,20-45,20,45,0.0,False
835,20-46,20,46,0.0,False
836,20-47,20,47,0.0,False
837,20-48,20,48,0.0,False
838,20-49,20,49,1.0,True
839,20-50,20,50,0.0,False
840,21-22,21,22,0.0,False
841,21-23,21,23,0.0,False
842,21-24,21,24,0.0,False
843,21-25,21,25,0.0,False
844,21-26,21,26,0.0,False
845,21-27,21,27,0.0,False
846,21-28,21,28,0.0,False
847,21-29,21,29,0.0,False
848,21-30,21,30,0.0,False
849,21-31,21,31,0.0,False
850,21-32,21,32,0.0,False
851,21-33,21,33,0.0,False
852,21-34,21,34,0.0,False
853,21-35,21,35,0.0,False
854,21-36,21,36,0.0,False
855,21-37,21,37,0.0,False
856,21-38,21,38,0.0,False
857,21-39,21,39,0.0,False
858,21-40,21,40,0.0,False
859,21-41,21,41,0.0,False
860,21-42,21,42,0.0,False
861,21-43,21,43,0.0,False
862,21-44,21,44,0.0,False
863,21-45,21,45,0.0,False
864,21-46,21,46,0.0,False
865,21-47,21,47,0.0,False
866,21-48,21,48,0.0,False
867,21-49,21,49,0.01200000000000001,False
868,21-50,21,50,0.0,False
869,22-23,22,23,0.0,False
870,22-24,22,24,0.0,False
871,22-25,22,25,0.01200000000000001,False
872,22-26,22,26,0.0,False
873,22-27,22,27,0.0,False
874,22-28,22,28,0.0,False
875,22-29,22,29,0.0,False
876,22-30,22,30,0.0,False
877,22-31,22,31,0.0,False
878,22-32,22,32,0.0,False
879,22-33,22,33,0.33399999999999996,True
880,22-34,22,34,0.016000000000000014,False
881,22-35,22,35,0.0,False
882,22-36,22,36,0.0,False
883,22-37,22,37,0.0,False
884,22-38,22,38,0.0,False
885,22-39,22,39,0.974,True
886,22-40,22,40,0.652,True
887,22-41,22,41,0.006000000000000005,False
888,22-42,22,42,0.0,False
889,22-43,22,43,0.0,False
890,22-44,22,44,0.0,False
891,22-45,22,45,0.0,False
892,22-46,22,46,0.0,False
893,22-47,22,47,0.0,False
894,22-48,22,48,0.0,False
895,22-49,22,49,1.0,True
896,22-50,22,50,0.0,False
897,23-24,23,24,0.0,False
898,23-25,23,25,0.0,False
899,23-26,23,26,0.0,False
900,23-27,23,27,0.0,False
901,23-28,23,28,0.0,False
902,23-29,23,29,0.0,False
903,23-30,23,30,0.0020000000000000018,False
904,23-31,23,31,0.0,False
905,23-32,23,32,0.0,False
906,23-33,23,33,0.0,False
907,23-34,23,34,0.0,False
908,23-35,23,35,0.0,False
909,23-36,23,36,0.0,False
910,23-37,23,37,0.0,False
911,23-38,23,38,0.0,False
912,23-39,23,39,0.7,True
913,23-40,23,40,0.04600000000000004,False
914,23-41,23,41,0.0,False
915,23-42,23,42,0.0,False
916,23-43,23,43,0.0,False
917,23-44,23,44,0.0,False
918,23-45,23,45,0.0,False
919,23-46,23,46,0.0,False
920,23-47,23,47,0.0,False
921,23-48,23,48,0.0,False
922,23-49,23,49,0.962,True
923,23-50,23,50,0.0,False
924,24-25,24,25,0.0,False
925,24-26,24,26,0.0,False
926,24-27,24,27,0.0,False
927,24-28,24,28,0.0,False
928,24-29,24,29,0.0,False
929,24-30,24,30,0.0,False
930,24-31,24,31,0.0,False
931,24-32,24,32,0.0,False
932,24-33,24,33,0.0,False
933,24-34,24,34,0.0,False
934,24-35,24,35,0.0,False
935,24-36,24,36,0.0,False
936,24-37,24,37,0.0,False
937,24-38,24,38,0.0,False
938,24-39,24,39,0.0020000000000000018,False
939,24-40,24,40,0.0,False
940,24-41,24,41,0.0,False
941,24-42,24,42,0.0,False
942,24-43,24,43,0.0,False
943,24-44,24,44,0.0,False
944,24-45,24,45,0.0,False
945,24-46,24,46,0.0,False
946,24-47,24,47,0.0,False
947,24-48,24,48,0.0,False
948,24-49,24,49,0.382,True
949,24-50,24,50,0.0,False
950,25-26,25,26,0.0,False
951,25-27,25,27,0.0,False
952,25-28,25,28,0.0,False
953,25-29,25,29,0.0,False
954,25-30,25,30,0.07399999999999995,False
955,25-31,25,31,0.0,False
956,25-32,25,32,0.0,False
957,25-33,25,33,0.15400000000000003,False
958,25-34,25,34,0.0040000000000000036,False
959,25-35,25,35,0.0,False
960,25-36,25,36,0.0,False
961,25-37,25,37,0.0,False
962,25-38,25,38,0.0,False
963,25-39,25,39,0.992,True
964,25-40,25,40,0.6619999999999999,True
965,25-41,25,41,0.0,False
966,25-42,25,42,0.0,False
967,25-43,25,43,0.0,False
968,25-44,25,44,0.0040000000000000036,False
969,25-45,25,45,0.0,False
970,25-46,25,46,0.0,False
971,25-47,25,47,0.0,False
972,25-48,25,48,0.0,False
973,25-49,25,49,1.0,True
974,25-50,25,50,0.0,False
975,26-27,26,27,0.0,False
976,26-28,26,28,0.0,False
977,26-29,26,29,0.0,False
978,26-30,26,30,0.0,False
979,26-31,26,31,0.0,False
980,26-32,26,32,0.0,False
981,26-33,26,33,0.0,False
982,26-34,26,34,0.0,False
983,26-35,26,35,0.0,False
984,26-36,26,36,0.0,False
985,26-37,26,37,0.0,False
986,26-38,26,38,0.0,False
987,26-39,26,39,0.028000000000000025,False
988,26-40,26,40,0.0,False
989,26-41,26,41,0.0,False
990,26-42,26,42,0.0,False
991,26-43,26,43,0.0,False
992,26-44,26,44,0.0,False
993,26-45,26,45,0.0,False
994,26-46,26,46,0.0,False
995,26-47,26,47,0.0,False
996,26-48,26,48,0.0,False
997,26-49,26,49,0.9,True
998,26-50,26,50,0.0,False
999,27-28,27,28,0.0,False
1000,27-29,27,29,0.0,False
1001,27-30,27,30,0.0,False
1002,27-31,27,31,0.0,False
1003,27-32,27,32,0.0,False
1004,27-33,27,33,0.0,False
1005,27-34,27,34,0.0,False
1006,27-35,27,35,0.0,False
1007,27-36,27,36,0.0,False
1008,27-37,27,37,0.0,False
1009,27-38,27,38,0.0,False
1010,27-39,27,39,0.14600000000000002,False
1011,27-40,27,40,0.0040000000000000036,False
1012,27-41,27,41,0.0,False
1013,27-42,27,42,0.0,False
1014,27-43,27,43,0.0,False
1015,27-44,27,44,0.0,False
1016,27-45,27,45,0.0,False
1017,27-46,27,46,0.0,False
1018,27-47,27,47,0.0,False
1019,27-48,27,48,0.0,False
1020,27-49,27,49,0.88,True
1021,27-50,27,50,0.0,False
1022,28-29,28,29,0.0,False
1023,28-30,28,30,0.0,False
1024,28-31,28,31,0.0,False
1025,28-32,28,32,0.0,False
1026,28-33,28,33,0.0,False
1027,28-34,28,34,0.0,False
1028,28-35,28,35,0.0,False
1029,28-36,28,36,0.0,False
1030,28-37,28,37,0.0,False
1031,28-38,28,38,0.0,False
1032,28-39,28,39,0.0,False
1033,28-40,28,40,0.0,False
1034,28-41,28,41,0.0,False
1035,28-42,28,42,0.0,False
1036,28-43,28,43,0.0,False
1037,28-44,28,44,0.0,False
1038,28-45,28,45,0.0,False
1039,28-46,28,46,0.0,False
1040,28-47,28,47,0.0,False
1041,28-48,28,48,0.0,False
1042,28-49,28,49,0.0,False
1043,28-50,28,50,0.0,False
1044,29-30,29,30,0.0,False
1045,29-31,29,31,0.0,False
1046,29-32,29,32,0.0,False
1047,29-33,29,33,0.0,False
1048,29-34,29,34,0.0,False
1049,29-35,29,35,0.0,False
1050,29-36,29,36,0.0,False
1051,29-37,29,37,0.0,False
1052,29-38,29,38,0.0,False
1053,29-39,29,39,0.0,False
1054,29-40,29,40,0.0,False
1055,29-41,29,41,0.0,False
1056,29-42,29,42,0.0,False
1057,29-43,29,43,0.0,False
1058,29-44,29,44,0.0,False
1059,29-45,29,45,0.0,False
1060,29-46,29,46,0.0,False
1061,29-47,29,47,0.0,False
1062,29-48,29,48,0.0,False
1063,29-49,29,49,0.0,False
1064,29-50,29,50,0.0,False
1065,30-31,30,31,0.0,False
1066,30-32,30,32,0.0,False
1067,30-33,30,33,0.07799999999999996,False
1068,30-34,30,34,0.028000000000000025,False
1069,30-35,30,35,0.01200000000000001,False
1070,30-36,30,36,0.0,False
1071,30-37,30,37,0.0,False
1072,30-38,30,38,0.0,False
1073,30-39,30,39,1.0,True
1074,30-40,30,40,1.0,True
1075,30-41,30,41,0.0020000000000000018,False
1076,30-42,30,42,0.0,False
1077,30-43,30,43,0.0,False
1078,30-44,30,44,1.0,True
1079,30-45,30,45,0.0,False
1080,30-46,30,46,0.0,False
1081,30-47,30,47,0.0,False
1082,30-48,30,48,0.0,False
1083,30-49,30,49,1.0,True
1084,30-50,30,50,0.0,False
1085,31-32,31,32,0.0,False
1086,31-33,31,33,0.0,False
1087,31-34,31,34,0.0,False
1088,31-35,31,35,0.0,False
1089,31-36,31,36,0.0,False
1090,31-37,31,37,0.0,False
1091,31-38,31,38,0.0,False
1092,31-39,31,39,0.0020000000000000018,False
1093,31-40,31,40,0.0,False
1094,31-41,31,41,0.0,False
1095,31-42,31,42,0.0,False
1096,31-43,31,43,0.0,False
1097,31-44,31,44,0.0,False
1098,31-45,31,45,0.0,False
1099,31-46,31,46,0.0,False
1100,31-47,31,47,0.0,False
1101,31-48,31,48,0.0,False
1102,31-49,31,49,0.0,False
1103,31-50,31,50,0.0,False
1104,32-33,32,33,0.0,False
1105,32-34,32,34,0.0,False
1106,32-35,32,35,0.0,False
1107,32-36,32,36,0.0,False
1108,32-37,32,37,0.0,False
1109,32-38,32,38,0.0,False
1110,32-39,32,39,0.0,False
1111,32-40,32,40,0.0,False
1112,32-41,32,41,0.0,False
1113,32-42,32,42,0.0,False
1114,32-43,32,43,0.0,False
1115,32-44,32,44,0.0,False
1116,32-45,32,45,0.0,False
1117,32-46,32,46,0.0,False
1118,32-47,32,47,0.0,False
1119,32-48,32,48,0.0,False
1120,32-49,32,49,0.0,False
1121,32-50,32,50,0.0,False
1122,33-34,33,34,0.10399999999999998,False
1123,33-35,33,35,0.01200000000000001,False
1124,33-36,33,36,0.0,False
1125,33-37,33,37,0.0,False
1126,33-38,33,38,0.0,False
1127,33-39,33,39,1.0,True
1128,33-40,33,40,0.964,True
1129,33-41,33,41,0.07599999999999996,False
1130,33-42,33,42,0.0,False
1131,33-43,33,43,0.0,False
1132,33-44,33,44,0.0,False
1133,33-45,33,45,0.0,False
1134,33-46,33,46,0.0,False
1135,33-47,33,47,0.0,False
1136,33-48,33,48,0.0,False
1137,33-49,33,49,1.0,True
1138,33-50,33,50,0.0,False
1139,34-35,34,35,0.0,False
1140,34-36,34,36,0.0,False
1141,34-37,34,37,0.0,False
1142,34-38,34,38,0.0,False
1143,34-39,34,39,0.978,True
1144,34-40,34,40,0.5680000000000001,True
1145,34-41,34,41,0.0,False
1146,34-42,34,42,0.0,False
1147,34-43,34,43,0.0,False
1148,34-44,34,44,0.0020000000000000018,False
1149,34-45,34,45,0.0,False
1150,34-46,34,46,0.0,False
1151,34-47,34,47,0.0,False
1152,34-48,34,48,0.0,False
1153,34-49,34,49,1.0,True
1154,34-50,34,50,0.0,False
1155,35-36,35,36,0.0,False
1156,35-37,35,37,0.0,False
1157,35-38,35,38,0.0,False
1158,35-39,35,39,0.912,True
1159,35-40,35,40,0.24,False
1160,35-41,35,41,0.0,False
1161,35-42,35,42,0.0,False
1162,35-43,35,43,0.0,False
1163,35-44,35,44,0.0020000000000000018,False
1164,35-45,35,45,0.0,False
1165,35-46,35,46,0.0,False
1166,35-47,35,47,0.0,False
1167,35-48,35,48,0.0,False
1168,35-49,35,49,1.0,True
1169,35-50,35,50,0.0,False
1170,36-37,36,37,0.0,False
1171,36-38,36,38,0.0,False
1172,36-39,36,39,0.05600000000000005,False
1173,36-40,36,40,0.0,False
1174,36-41,36,41,0.0,False
1175,36-42,36,42,0.0,False
1176,36-43,36,43,0.0,False
1177,36-44,36,44,0.0,False
1178,36-45,36,45,0.0,False
1179,36-46,36,46,0.0,False
1180,36-47,36,47,0.0,False
1181,36-48,36,48,0.0,False
1182,36-49,36,49,0.0,False
1183,36-50,36,50,0.0,False
1184,37-38,37,38,0.0,False
1185,37-39,37,39,0.0,False
1186,37-40,37,40,0.0,False
1187,37-41,37,41,0.0,False
1188,37-42,37,42,0.0,False
1189,37-43,37,43,0.0,False
1190,37-44,37,44,0.0,False
1191,37-45,37,45,0.0,False
1192,37-46,37,46,0.0,False
1193,37-47,37,47,0.0,False
1194,37-48,37,48,0.0,False
1195,37-49,37,49,0.0,False
1196,37-50,37,50,0.0,False
1197,38-39,38,39,0.0,False
1198,38-40,38,40,0.0,False
1199,38-41,38,41,0.0,False
1200,38-42,38,42,0.0,False
1201,38-43,38,43,0.0,False
1202,38-44,38,44,0.0,False
1203,38-45,38,45,0.0,False
1204,38-46,38,46,0.0,False
1205,38-47,38,47,0.0,False
1206,38-48,38,48,0.0,False
1207,38-49,38,49,0.008000000000000007,False
1208,38-50,38,50,0.0,False
1209,39-40,39,40,1.0,True
1210,39-41,39,41,0.698,True
1211,39-42,39,42,0.0,False
1212,39-43,39,43,0.0,False
1213,39-44,39,44,1.0,True
1214,39-45,39,45,0.0020000000000000018,False
1215,39-46,39,46,0.0,False
1216,39-47,39,47,0.0,False
1217,39-48,39,48,0.0,False
1218,39-49,39,49,1.0,True
1219,39-50,39,50,0.008000000000000007,False
1220,40-41,40,41,0.20999999999999996,False
1221,40-42,40,42,0.0,False
1222,40-43,40,43,0.0,False
1223,40-44,40,44,1.0,True
1224,40-45,40,45,0.0,False
1225,40-46,40,46,0.0,False
1226,40-47,40,47,0.0,False
1227,40-48,40,48,0.0,False
1228,40-49,40,49,1.0,True
1229,40-50,40,50,0.0,False
1230,41-42,41,42,0.0,False
1231,41-43,41,43,0.0,False
1232,41-44,41,44,0.0,False
1233,41-45,41,45,0.0,False
1234,41-46,41,46,0.0,False
1235,41-47,41,47,0.0,False
1236,41-48,41,48,0.0,False
1237,41-49,41,49,1.0,True
1238,41-50,41,50,0.0,False
1239,42-43,42,43,0.0,False
1240,42-44,42,44,0.0,False
1241,42-45,42,45,0.0,False
1242,42-46,42,46,0.0,False
1243,42-47,42,47,0.0,False
1244,42-48,42,48,0.0,False
1245,42-49,42,49,0.0,False
1246,42-50,42,50,0.0,False
1247,43-44,43,44,0.0,False
1248,43-45,43,45,0.0,False
1249,43-46,43,46,0.0,False
1250,43-47,43,47,0.0,False
1251,43-48,43,48,0.0,False
1252,43-49,43,49,0.0,False
1253,43-50,43,50,0.0,False
1254,44-45,44,45,0.0,False
1255,44-46,44,46,0.0,False
1256,44-47,44,47,0.0,False
1257,44-48,44,48,0.0,False
1258,44-49,44,49,0.994,True
1259,44-50,44,50,0.0,False
1260,45-46,45,46,0.0,False
1261,45-47,45,47,0.0,False
1262,45-48,45,48,0.0,False
1263,45-49,45,49,0.0,False
1264,45-50,45,50,0.0,False
1265,46-47,46,47,0.0,False
1266,46-48,46,48,0.0,False
1267,46-49,46,49,0.0,False
1268,46-50,46,50,0.0,False
1269,47-48,47,48,0.0,False
1270,47-49,47,49,0.006000000000000005,False
1271,47-50,47,50,0.0,False
1272,48-49,48,49,0.0,False
1273,48-50,48,50,0.0,False
1274,49-50,49,50,0.16800000000000004,False
